Time,Tag,Code,Log
1679554214,GNSS,0,
1679554219,GNSS,0,
1679554224,GNSS,0,"$GNRMC,064943.000,A,2649.287602,N,07551.396749,E,0.00,289.11,230323,,,D,V*03"
1679554229,GNSS,0,
1679554234,GNSS,0,
1679554239,GNSS,0,
1679554244,GNSS,0,
1679554249,GNSS,0,
1679554254,GNSS,0,
1679554259,GNSS,0,"$GNRMC,065015.000,A,2649.286448,N,07551.397418,E,0.00,151.62,230323,,,D,V*01"
1679554264,GNSS,0,
1679554269,GNSS,0,
1679554274,GNSS,0,"$GNRMC,065031.000,A,2649.286448,N,07551.397418,E,0.00,151.62,230323,,,D,V*07"
1679554279,GNSS,0,
1679554284,GNSS,0,
1679554289,GNSS,0,
1679554294,GNSS,0,"$GNRMC,065047.000,A,2649.286448,N,07551.397418,E,0.00,186.82,230323,,,D,V*02"
1679554299,GNSS,0,
1679554304,GNSS,0,
1679554309,GNSS,0,"$GNRMC,065103.000,A,2649.287454,N,07551.397455,E,0.00,276.63,230323,,,D,V*05"
1679554314,GNSS,0,
1679554319,GNSS,0,
1679554324,GNSS,0,"$GNRMC,065119.000,A,2649.286911,N,07551.398339,E,0.00,120.97,230323,,,D,V*0A"
1679554329,GNSS,0,
1679554334,GNSS,0,
1679554339,GNSS,0,"$GNRMC,065135.000,A,2649.286862,N,07551.398388,E,0.00,120.97,230323,,,D,V*0B"
1679554344,GNSS,0,
1679554349,GNSS,0,
1679554354,GNSS,0,"$GNRMC,065151.000"
1679554359,GNSS,0,
1679554364,GNSS,0,
1679554369,GNSS,0,
1679554374,GNSS,0,"$GNRMC,065207.000,A,2649.286862,N,07551.398388,E,0.00,145.54,230323,,,D,V*05"
1679554379,GNSS,0,
1679554384,GNSS,0,
1679554389,GNSS,0,"$GNRMC,065223.000,A,2649.286538,N,07551.400084,E,0.00,136.94,230323,,,D,V*00"
1679554394,GNSS,0,"$GNRMC,065238.000,A,2649.286538,N,07551.400084,E,0.00,351.73,230323,,,D,V*00"
1679554399,GNSS,0,
1679554404,GNSS,0,"$GNRMC,065239.000,A,2649.286538,N,07551.400084,E,"
1679554409,GNSS,0,
1679554414,GNSS,0,"$GNRMC,065254.000,A,2649.286538,N,07551.400084,E,0.00,198.21,230323,,,D,V*0A"
1679554419,GNSS,0,
1679554424,GNSS,0,"$GNRMC,065255.000,A,2649.286538,N,07551.400084,E,0.00,313.27,230"
1679554429,GNSS,0,"$GNRMC,065310.000,A,2649.287893,N,07551.399328,E,0.00,307.69,230323,,,D,V*0C"
1679554434,GNSS,0,
1679554439,GNSS,0,
1679554444,GNSS,0,"$GNRMC,065326.0"
1679554449,GNSS,0,
1679554454,GNSS,0,
1679554459,GNSS,0,
1679554464,GNSS,0,"$GNRMC,065342.000,A,2649.288541,N,07551.399105,E,0.00,324.22,230323,,,D,V*05"
1679554469,GNSS,0,
1679554474,GNSS,0,
1679554479,GNSS,0,"$GNRMC,065358.000,A,2649.289699,N,07551.398"
1679554484,GNSS,0,
1679554489,GNSS,0,
1679554494,GNSS,0,"$GNRMC,06"
1679554499,GNSS,0,
1679554504,GNSS,0,
1679554509,GNSS,0,
1679554514,GNSS,0,"$GNRMC,065430.000,A,2649.288786,N,07551.398819,E,0.00,282.06,230323,,,D,V*00"
1679554519,GNSS,0,
1679554524,GNSS,0,
1679554529,GNSS,0,"$GNRMC,065446.000,A,2649.289037,N,07551.398040,E,0.00,288.17,230323,,,D,V*03"
1679554534,GNSS,0,
1679554539,GNSS,0,
1679554544,GNSS,0,"$GNRMC,065502.000,A,2649.288960,N,07551.397606,E,0.00,161.57,230323,,,D,V*03"
1679554549,GNSS,0,
1679554554,GNSS,0,
1679554559,GNSS,0,"$GNRMC,065518.000,A,2649.289492,N,07551.397500,E,0.00,332.32,230323,,,D,V*0B"
1679554564,GNSS,0,
1679554569,GNSS,0,
1679554574,GNSS,0,
1679554579,GNSS,0,"$GNRMC,065534.000,A,2649.290291,N,07551.397109,E,0.00,321.97,230323,,,D,V*08"
1679554584,GNSS,0,
1679554589,GNSS,0,"$GNRMC,065549.000,A,2649.289861,N,07551.398053,E,0.00,223.28,230323,,,D,V*09"
1679554594,GNSS,0,
1679554599,GNSS,0,"$GNRMC,065550.000,A,2649.289861,N,07551.398053,E,0.00,223.28,2"
1679554604,GNSS,0,"$GNRMC,065605.000,A,2649.289109,N,07551.398657,E,0.00,105.04,230323,,,D,V*0E"
1679554609,GNSS,0,
1679554614,GNSS,0,
1679554619,GNSS,0,"$GNRMC,0656"
1679554624,GNSS,0,
1679554629,GNSS,0,
1679554634,GNSS,0,
1679554639,GNSS,0,"$GNRMC,065637.000,A,2649.289358,N,07551.400383,E,0.00,306.41,230323,,,D,V*03"
1679554644,GNSS,0,
1679554649,GNSS,0,
1679554654,GNSS,0,"$GNRMC,065653.000,A,2649.289358,N,07551.40038"
1679554659,GNSS,0,
1679554664,GNSS,0,
1679554669,GNSS,0,
1679554674,GNSS,0,"$GNRMC,065709.000,A,2649.289358,N,07551.400383,E,0.00,306.41,230323,,,D,V*0F"
1679554679,GNSS,0,
1679554684,GNSS,0,
1679554689,GNSS,0,"$GNRMC,065725.000,A,2649.289358,N,07551.400383,E,0.00,306.41,230323,,,D,V"
1679554694,GNSS,0,
1679554699,GNSS,0,
1679554704,GNSS,0,"$GNRMC,"
1679554709,GNSS,0,
1679554714,GNSS,0,
1679554719,GNSS,0,
1679554724,GNSS,0,"$GNRMC,065757.000,A,2649.292815,N,07551.398401,E,0.00,332.20,230323,,,D,V*07"
1679554729,GNSS,0,"$GNRMC,065812.000,A,2649.293632,N,07551.397636,E,0.00,318.24,230323,,,D,V*06"
1679554734,GNSS,0,
1679554739,GNSS,0,"$GNRMC,065813.000,A,2649.293777,N,07551.3"
1679554744,GNSS,0,"$GNRMC,065828.000,A,2649.293902,N,07551.397187,E,0.00,321.96,230323,"
1679554749,GNSS,0,
1679554754,GNSS,0,
1679554759,GNSS,0,
1679554764,GNSS,0,"$GNRMC,065844.000,A,2649.294207,N,07551.396555,E,0.00,107.40,230323,,,D,V*09"
1679554769,GNSS,0,
1679554774,GNSS,0,
1679554779,GNSS,0,"$GNRMC,065900."
1679554784,GNSS,0,
1679554789,GNSS,0,
1679554794,GNSS,0,
1679554799,GNSS,0,"$GNRMC,065916.000,A,2649.291507,N,07551.397253,E,0.00,40.60,230323,,,D,V*3D"
1679554804,GNSS,0,
1679554809,GNSS,0,
1679554814,GNSS,0,"$GNRMC,065932.000,A,2649.291225,N,07"
1679554819,GNSS,0,
1679554824,GNSS,0,
1679554829,GNSS,0,
1679554834,GNSS,0,"$GNRMC,065948.000,A,2649.290106,N,07551.399440,E,0.00,175.32,230323,,,D,V*08"
1679554839,GNSS,0,
1679554844,GNSS,0,
1679554849,GNSS,0,"$GNRMC,070004.000,A,2649.290429,N,07551.400252,E,0.00,336.25,230323,,,D,V*04"
1679554854,GNSS,0,
1679554859,GNSS,0,"$GNRMC,070019.000,A,2649.290429,N,07551.400252,E,0.00,245.36,230323,,,D,V*0F"
1679554864,GNSS,0,
1679554869,GNSS,0,"$GNRMC,070020.000,A,2649.290429,N,07551.400252,E,0.00,245.36,23032"
1679554874,GNSS,0,"$GNRMC,070035.000,A,2649.290564,N,07551.399356,E,0.00,236.24,230323,,,D,V*0C"
1679554879,GNSS,0,
1679554884,GNSS,0,
1679554889,GNSS,0,"$GNRMC,070051.000,A,2649.290365,N,07551.400029,E,0.00"
1679554894,GNSS,0,
1679554899,GNSS,0,
1679554904,GNSS,0,
1679554909,GNSS,0,"$GNRMC,070107.000,A,2649.290215,N,07551.399892,E,0.00,187.50,230323,,,D,V*04"
1679554914,GNSS,0,
1679554919,GNSS,0,
1679554924,GNSS,0,"$GNRMC,070123.000,A,2649.289232,N,07551.398651,E,0.00,199.05,230323,,,D,V*00"
1679554929,GNSS,0,
1679554934,GNSS,0,
1679554939,GNSS,0,"$GNRMC,070139.000,A,2649.289578,N,07551.398214,E,0.00,199.05,230323,,,D,V*07"
1679554944,GNSS,0,
1679554949,GNSS,0,"$GNRMC,070"
1679554954,GNSS,0,"$GNRMC,070155.000,A,2649.290112,N,07551.401184,E,0.00,199.05,230323,,,D,V*00"
1679554959,GNSS,0,
1679554964,GNSS,0,"$GNRMC,070156.000,"
1679554969,GNSS,0,"$GNRMC,070211.000,A,2649.290501,N,07551.401407,E,0.00,288.27,230323,,,D,V*08"
1679554974,GNSS,0,
1679554979,GNSS,0,
1679554984,GNSS,0,"$GNRMC,0702"
1679554989,GNSS,0,
1679554994,GNSS,0,
1679554999,GNSS,0,
1679555004,GNSS,0,"$GNRMC,070243.000,A,2649.289467,N,07551.397478,E,0.00,282.78,230323,,,D,V*06"
1679555009,GNSS,0,
1679555014,GNSS,0,
1679555019,GNSS,0,"$GNRMC,070259.000,A,2649.2906"
1679555024,GNSS,0,
1679555029,GNSS,0,
1679555034,GNSS,0,
1679555039,GNSS,0,"$GNRMC,070315.000,A,2649.291488,N,07551.394706,E,0.00,11.87,230323,,,D,V*3D"
1679555044,GNSS,0,
1679555049,GNSS,0,
1679555054,GNSS,0,"$GNRMC,070331.000,A,2649.291488,N,07551.394706,E,0.00,11.87,230323,,,D,V*3B"
1679555059,GNSS,0,
1679555064,GNSS,0,
1679555069,GNSS,0,"$GNRMC,070347.000,A,2649.291376,N,07551.399155,E,0.00,321.30,230323,,,D,V*0D"
1679555074,GNSS,0,
1679555079,GNSS,0,
1679555084,GNSS,0,"$GNRMC,070403.000,A,2649.291376,N,07551.399155,E,0.00,321.30,230323,,,D,V*0A"
1679555089,GNSS,0,
1679555094,GNSS,0,
1679555099,GNSS,0,"$GNRMC,070419.000,A,2649.292060,N,07551.400485,E,0.00,150.32,230323,,,D,V*0F"
1679555104,GNSS,0,
1679555109,GNSS,0,
1679555114,GNSS,0,"$GNRMC,070435.000,A,2649.292060,N,07551.400485,E,0.00,150.32,230323,,,D,V*01"
1679555119,GNSS,0,
1679555124,GNSS,0,
1679555129,GNSS,0,"$GNRMC,070451.000,A,2649.292060,N,07551.400485,E,0.00,150.32,230323,,,D,V*03"
1679555134,GNSS,0,
1679555139,GNSS,0,
1679555144,GNSS,0,"$GNRMC,070507.000,A,2649.292060,N,07551.400485,E,0.00,150.32,2303"
1679555149,GNSS,0,
1679555154,GNSS,0,
1679555159,GNSS,0,
1679555164,GNSS,0,"$GNRMC,070523.000,A,2649.289718,N,07551.400078,E,0.00,138.99,230323,,,D,V*0C"
1679555169,GNSS,0,
1679555174,GNSS,0,
1679555179,GNSS,0,"$GNRMC,070539.000,A,2649.289975,N,07551.400608,E,0.00,142.98,"
1679555184,GNSS,0,
1679555189,GNSS,0,
1679555194,GNSS,0,
1679555199,GNSS,0,"$GNRMC,070555.000,A,2649.289975,N,07551.400608,E,0.00,142.98,230323,,,D,V*05"
1679555204,GNSS,0,
1679555209,GNSS,0,
1679555214,GNSS,0,"$GNRMC,070611.000,A,2649.289975,N,07551.400608,E,0.00,142.98,230323,,,D,V*06"
1679555219,GNSS,0,
1679555224,GNSS,0,
1679555229,GNSS,0,"$GNRMC,070627.000,A,2649.289975,N,07551.400608,E,0.00,142.98,230323,,,D,V*03"
1679555234,GNSS,0,
1679555239,GNSS,0,
1679555244,GNSS,0,"$GNRMC,07"
1679555249,GNSS,0,
1679555254,GNSS,0,
1679555259,GNSS,0,
1679555264,GNSS,0,"$GNRMC,070659.000,A,2649.291282,N,07551.400790,E,0.00,343.63,230323,,,D,V*07"
1679555269,GNSS,0,
1679555274,GNSS,0,
1679555279,GNSS,0,"$GNRMC,070715.000,A,2649.290979,N,07551.401639,E,0.00,187.13,230323,,,D,V*0E"
1679555284,GNSS,0,
1679555289,GNSS,0,
1679555294,GNSS,0,"$GNRMC,070731.000,A,2649.291053,N,07551.401727,E,0.00,261.84,230323,,,D,V*03"
1679555299,GNSS,0,
1679555304,GNSS,0,
1679555309,GNSS,0,"$GNRMC,070747.000,A,2649.291053,N,07551.401727,E,0.00,261.84,230323,,,D,V*02"
1679555314,GNSS,0,
1679555319,GNSS,0,
1679555324,GNSS,0,"$GNRMC,070803.000,A,2649.291053,N,07551.401727,E,0.00,46.47,230323,,,D,V*35"
1679555329,GNSS,0,
1679555334,GNSS,0,
1679555339,GNSS,0,"$GNRMC,070819.0"
1679555344,GNSS,0,
1679555349,GNSS,0,
1679555354,GNSS,0,
1679555359,GNSS,0,"$GNRMC,070835.000,A,2649.289743,N,07551.401222,E,0.00,214.34,230323,,,D,V*0E"
1679555364,GNSS,0,
1679555369,GNSS,0,
1679555374,GNSS,0,"$GNRMC,070851.000,A,2649.289315,N,07551.401712,E,0.00,359.92,230323,,,D,V*09"
1679555379,GNSS,0,
1679555384,GNSS,0,
1679555389,GNSS,0,"$GNRMC,070907.000,A,2649.289130,N,07551.401641,E,0.00,286.04,230323,,,D,V*05"
1679555394,GNSS,0,
1679555399,GNSS,0,
1679555404,GNSS,0,"$GNRMC,070923.000,A,2649.289130,N,07551.401641,E,0.00,327.45,230323,,,D,V*0C"
1679555409,GNSS,0,
1679555414,GNSS,0,
1679555419,GNSS,0,"$GNRMC,070939.000,A,2649.289130,N,07551.401641,E,0.00,327.45,230323,,,D,V*07"
1679555424,GNSS,0,
1679555429,GNSS,0,"$GNRMC,070940."
1679555434,GNSS,0,"$GNRMC,070955.000,A,2649.289130,N,07551.401641,E,0.00,316.77,230323,,,D,V*0E"
1679555439,GNSS,0,
1679555444,GNSS,0,
1679555449,GNSS,0,"$GNRMC,071011.000,A,2649.289885,N,07551.402854,E,0.00,305.69,230323,,,D,V*05"
1679555454,GNSS,0,
1679555459,GNSS,0,
1679555464,GNSS,0,"$GNRMC,071027.000,A,2649.289885,N,07551.402854,E,0.00,179.69,230323,,,D,V*09"
1679555469,GNSS,0,
1679555474,GNSS,0,"$GNRMC,071028.000,A,2649.289885,N,07551.402854,E,0.00,179.69,230323,,,D,"
1679555479,GNSS,0,
1679555484,GNSS,0,
1679555489,GNSS,0,"$GNRMC,071044.000,A,2649.290654,N,07551.403640,E,0.00,294.95,230323,,,D,V*0F"
1679555494,GNSS,0,
1679555499,GNSS,0,
1679555504,GNSS,0,"$GNRMC,071100.000,A,2649.290609,N,07551.403126,E,0.00,15.69,230323,,,D,V*39"
1679555509,GNSS,0,
1679555514,GNSS,0,
1679555519,GNSS,0,
1679555524,GNSS,0,"$GNRMC,071116.000,A,2649.289999,N,07551.403669,E,0.00,319.47,230323,,,D,V*0F"
1679555529,GNSS,0,
1679555534,GNSS,0,
1679555539,GNSS,0,"$GNRMC,071132.000,A,2649.289999,N,07551.403669,E,0.00,283.84,230323,,,D,V*04"
1679555544,GNSS,0,
1679555549,GNSS,0,
1679555554,GNSS,0,"$GNRMC,071148.000,A,2649.290955,N,07551.403276,E,0.00,248.92,230323,,,D,V*0B"
1679555559,GNSS,0,"$GNRMC,071203.000,A,2649.291521,N,07551.402889,E,0.00,333.91,230323,,,D,V*0C"
1679555564,GNSS,0,
1679555569,GNSS,0,"$GNRMC,071204.000,A,2649.291521,N,07551.402889,E,0.00,333.91"
1679555574,GNSS,0,
1679555579,GNSS,0,"$GNRMC,071219.000,A,2649.291521,N,07551.402889,E,0.00,102.54,230323,,,D,V*0E"
1679555584,GNSS,0,
1679555589,GNSS,0,"$GNRMC,071220.000,A,2649.291521,N,07551.402889,E,0.00,353.00,23032"
1679555594,GNSS,0,"$GNRMC,071235.000,A,2649.291521,N,07551.402889,E,0.00,143.72,230323,,,D,V*01"
1679555599,GNSS,0,
1679555604,GNSS,0,
1679555609,GNSS,0,"$GNRMC,071251.000,A,2649.292946,N,07551.404365,E,0.00,13.66,230323,"
1679555614,GNSS,0,
1679555619,GNSS,0,
1679555624,GNSS,0,
1679555629,GNSS,0,"$GNRMC,071307.000,A,2649.295118,N,07551.403974,E,0.00,13.66,230323,,,D,V*38"
1679555634,GNSS,0,
1679555639,GNSS,0,
1679555644,GNSS,0,"$GNRMC,071323.000,A,2649.295035,N,07551.404455,E,0.00,13.66,230323,,,D,V*39"
1679555649,GNSS,0,
1679555654,GNSS,0,
1679555659,GNSS,0,"$GNRMC,071339.000,A,2649.295035,N,07551.404455,E,0.00,13.66,230323,,,D,V*32"
1679555664,GNSS,0,
1679555669,GNSS,0,
1679555674,GNSS,0,"$GNRMC,071355.000,A,2649.295035,N,07551.404455,E,0."
1679555679,GNSS,0,
1679555684,GNSS,0,
1679555689,GNSS,0,"$GNRMC,071411.000"
1679555694,GNSS,0,
1679555699,GNSS,0,
1679555704,GNSS,0,"$GNRMC,071427.000,A,2649.29"
1679555709,GNSS,0,
1679555714,GNSS,0,
1679555719,GNSS,0,"$GNRMC,071443.000,A,2649.291935,N,07551.402670,E,0.00,13.66,230323,,,D,V*36"
1679555724,GNSS,0,
1679555729,GNSS,0,
1679555734,GNSS,0,
1679555739,GNSS,0,"$GNRMC,071459.000,A,2649.291546,N,07551.403486,E,0.00,13.66,230323,,,D,V*3F"
1679555744,GNSS,0,
1679555749,GNSS,0,"$GNRMC,071500.000,A,2649.291546,N,07551.403486,E,0.00,13.66,230323,,,D,V*32"
1679555754,GNSS,0,
1679555759,GNSS,0,
1679555764,GNSS,0,"$GNRMC,071516.000,A,2649.291546,N,07551.403486,E,0.00,301.06,230323,,,D,V*03"
1679555769,GNSS,0,
1679555774,GNSS,0,
1679555779,GNSS,0,"$GNRMC,071532.000,A,2649.292432,N,07551.401387,E,0.00,310.37,230323,,,D,V*02"
1679555784,GNSS,0,
1679555789,GNSS,0,
1679555794,GNSS,0,"$GNRMC,071548.000,A,2649.292914,N,07551.397767,E,0.00,257.43,230323,,,D,V*05"
1679555799,GNSS,0,
1679555804,GNSS,0,
1679555809,GNSS,0,"$GNRMC,071604.000,A,2649.292594,N,07551.401004,E,0.00,92.59,230323,,,D,V*30"
1679555814,GNSS,0,
1679555819,GNSS,0,
1679555824,GNSS,0,"$GNRMC,071620.000,A,2649.292832,N,07551.399232,E,0.00,279.25,230323,,,D,V*0A"
1679555829,GNSS,0,
1679555834,GNSS,0,
1679555839,GNSS,0,"$GNRMC,071636.000,A,2649.294475,N"
1679555844,GNSS,0,
1679555849,GNSS,0,
1679555854,GNSS,0,
1679555859,GNSS,0,"$GNRMC,071652.000,A,2649.293997,N,07551.400581,E,0.00,320.60,230323,,,D,V*04"
1679555864,GNSS,0,"$GNRMC,071707.000,A,2649.295304,N,07551.401148,E,0.00,359.15,230323,,,D,V*0F"
1679555869,GNSS,0,
1679555874,GNSS,0,"$GNRMC,071708.000,A,2649.295249"
1679555879,GNSS,0,
1679555884,GNSS,0,"$GNRMC,071723.000,A,2649.294093,N,07551.401044,E,0.00,281.50,230323,,,D,V*0D"
1679555889,GNSS,0,
1679555894,GNSS,0,"$GNRMC,071724.000,A,2649.294093,N,07551.401044,E,0.00,281.50,230323,"
1679555899,GNSS,0,"$GNRMC,071739.000,A,2649.293877,N,07551.399728,E,0.00,314.72,230323,,,D,V*05"
1679555904,GNSS,0,
1679555909,GNSS,0,
1679555914,GNSS,0,"$GNRMC,071755.000,A,2649.294377,N,07551.397351,E,0.00,303.37,230323,,,D,V*00"
1679555919,GNSS,0,
1679555924,GNSS,0,
1679555929,GNSS,0,"$GNRMC,071811.000,A,2649.293549,N,07551.400331,E,0.00"
1679555934,GNSS,0,
1679555939,GNSS,0,
1679555944,GNSS,0,"$GNRMC,071827.000,A,2649.295254,N,07551.407131,E,0.00,91.28,230323,,,D,V*37"
1679555949,GNSS,0,
1679555954,GNSS,0,"$GNRMC,07182"
1679555959,GNSS,0,
1679555964,GNSS,0,
1679555969,GNSS,0,"$GNRMC,071844.000,A,2649.296791,N,07551.402063,E,0.00,91.28,230323,,,D,V*3E"
1679555974,GNSS,0,
1679555979,GNSS,0,
1679555984,GNSS,0,
1679555989,GNSS,0,"$GNRMC,071901.000,A,2649.297679,N,07551.403874,E,0.00,91.28,230323,,,D,V*37"
1679555994,GNSS,0,
1679555999,GNSS,0,"$GNRMC,071917.000,A,2649.297967,N,07551.404599,E,0.00,91.28,230323,,,D,V*39"
1679556004,GNSS,0,
1679556009,GNSS,0,
1679556014,GNSS,0,
1679556019,GNSS,0,"$GNRMC,071934.000,A,2649.294673,N,07551.404144,E,0.00,91.28,230323,,,D,V*35"
1679556024,GNSS,0,
1679556029,GNSS,0,
1679556034,GNSS,0,
1679556039,GNSS,0,"$GNRMC,071950.000,A,2649.294699,N,07551.403204,E,0.00,91.28,230323,,,D,V*33"
1679556044,GNSS,0,"$GNRMC,072005.000,A,2649.293766,N,07551.401668,E,0.00,91.28,230323,,,D,V*33"
1679556049,GNSS,0,
1679556054,GNSS,0,
1679556059,GNSS,0,
1679556064,GNSS,0,"$GNRMC,072021.000,A,2649.291353,N,07551.401"
1679556069,GNSS,0,
1679556074,GNSS,0,"$GNRMC,072036.000,A,2649.289161,N,07551.407232,E,0.00,91.28,230323,,,D,V*34"
1679556079,GNSS,0,
1679556084,GNSS,0,"$GNRMC,072037.000,A,2649.289392,N,07551.407540,E,0.00,91.28"
1679556089,GNSS,0,
1679556094,GNSS,0,
1679556099,GNSS,0,"$GNRMC,072053.000,A,2649.290323,N,07551.406152,E,0.00,91.28,230323,,,D,V*3F"
1679556104,GNSS,0,
1679556109,GNSS,0,"$GNRMC,072109.000,A,2649.290906,N,07551.405897,E,0.00,91.28,230323,,,D,V*3F"
1679556114,GNSS,0,
1679556119,GNSS,0,"$GNRMC,072110.000,A,2649.290973,N,07551.406339,E,0.00,91.28,230323,,,D,V*39"
1679556124,GNSS,0,
1679556129,GNSS,0,"$GNRMC,072126.000,A,2649.289374,N,07551.408687,E,0.00,91.28,230323,,,D,V*37"
1679556134,GNSS,0,
1679556139,GNSS,0,"$GNRMC,072142.000,A,2649.289743,N,07551.408887,E,0.00,91.28,230323,,,D,V*3B"
1679556144,GNSS,0,
1679556149,GNSS,0,"$GNRMC,07"
1679556154,GNSS,0,
1679556159,GNSS,0,"$GNRMC,072158.000,A,2649.288491,N,07551.407451,E,0.00,91.28,230323,,,D,V*35"
1679556164,GNSS,0,
1679556169,GNSS,0,"$GNRMC,072159.000,A,2649.288602,N,07551.407057,E,0.00,91.28"
1679556174,GNSS,0,
1679556179,GNSS,0,"$GNRMC,072214.000,A,2649.290351,N,07551.405243,E,0.00,91.28,230323,,,D,V*3B"
1679556184,GNSS,0,
1679556189,GNSS,0,
1679556194,GNSS,0,
1679556199,GNSS,0,"$GNRMC,072230.000,A,2649.290937,N,07551.402974,E,0.00,91.28,230323,,,D,V*3F"
1679556204,GNSS,0,"$GNRMC,072245.000,A,2649.290674,N,07551.405225,E,0.00,91.28,230323,,,D,V*3D"
1679556209,GNSS,0,
1679556214,GNSS,0,
1679556219,GNSS,0,
1679556224,GNSS,0,"$GNRMC,072301.000,A,2649.290887,N,07551.405050,E,0.00,91.28,230323,,,D,V*3E"
1679556229,GNSS,0,
1679556234,GNSS,0,"$GNRMC,072316.000,A,2649.289909,N,07551.401279,E,0.00,91.28,230323,,,D,V*3A"
1679556239,GNSS,0,
1679556244,GNSS,0,"$GNRMC,07"
1679556249,GNSS,0,
1679556254,GNSS,0,"$GNRMC,072332.000,A,2649.289579,N,07551.403038,E,0.00,91.28,230323,,,D,V*32"
1679556259,GNSS,0,
1679556264,GNSS,0,
1679556269,GNSS,0,
1679556274,GNSS,0,"$GNRMC,072348.000,A,2649.289577,N,07551.403072,E,0.00,91.28,230323,,,D,V*3F"
1679556279,GNSS,0,
1679556284,GNSS,0,"$GNRMC,072403.000,A,2649.289376,N,07551.406454,E,0.00,91.28,230323,,,D,V*35"
1679556289,GNSS,0,
1679556294,GNSS,0,"$GNRMC,072404.000,A,2649.289376,N,07551.406454,E,0.00,9"
1679556299,GNSS,0,
1679556304,GNSS,0,"$GNRMC,072419.000,A,2649.289026,N,07551.403892,E,0.00,91.28,230323,,,D,V*3B"
1679556309,GNSS,0,
1679556314,GNSS,0,
1679556319,GNSS,0,
1679556324,GNSS,0,"$GNRMC,072435.000,A,2649.290454,N,07551.405432,E,0.00,91.28,230323,,,D,V*3C"
1679556329,GNSS,0,
1679556334,GNSS,0,"$GNRMC,072450.000,A,2649.290620,N,07551.406474,E,0.00,91.28,230323,,,D,V*3F"
1679556339,GNSS,0,
1679556344,GNSS,0,
1679556349,GNSS,0,
1679556354,GNSS,0,"$GNRMC,072506.000,A,2649.290314,N,07551.406260,E,0.00,91.28,230323,,,D,V*3C"
1679556359,GNSS,0,"$GNRMC,072521.000,A,2649.290292,N,07551.407121,E,0.00,91.28,230323,,,D,V*31"
1679556364,GNSS,0,
1679556369,GNSS,0,
1679556374,GNSS,0,
1679556379,GNSS,0,"$GNRMC,072537.000,A,2649.292211,N,07551.403025,E,0.00,91.28,230323,,,D,V*3E"
1679556384,GNSS,0,
1679556389,GNSS,0,
1679556394,GNSS,0,
1679556399,GNSS,0,"$GNRMC,072553.000,A,2649.290949,N,07551.403929,E,0.00,91.28,230323,,,D,V*3D"
1679556404,GNSS,0,
1679556409,GNSS,0,"$GNRMC,072608.000,A,2649.291908,N,07551.402975,E,0.00,91.28,230323,,,D,V*3C"
1679556414,GNSS,0,
1679556419,GNSS,0,"$GNRMC,072609.000,A,2649.292157,N,07551.403289,E,0.00,91.28"
1679556424,GNSS,0,"$GNRMC,072624.000,A,2649.290380,N"
1679556429,GNSS,0,
1679556434,GNSS,0,
1679556439,GNSS,0,
1679556444,GNSS,0,"$GNRMC,072640.000,A,2649.288820,N,07551.403533,E,0.00,91.28,230323,,,D,V*3C"
1679556449,GNSS,0,
1679556454,GNSS,0,
1679556459,GNSS,0,
1679556464,GNSS,0,"$GNRMC,072656.000,A,2649.289922,N,07551.400048,E,0.00,91.28,230323,,,D,V*33"
1679556469,GNSS,0,"$GNRMC,072711.000,A,2649.289705,N,07551.400338,E,0.00,91.28,230323,,,D,V*3E"
1679556474,GNSS,0,
1679556479,GNSS,0,
1679556484,GNSS,0,
1679556489,GNSS,0,"$GNRMC,072727.000,A,2649.291079,N,07551.392205,E,0.00,267.10,230323,,,D,V*0D"
1679556494,GNSS,0,
1679556499,GNSS,0,
1679556504,GNSS,0,"$GNRMC,072743.000,A,2649.289689,N,07551.396352,E,0.00,267.10,230323,,,D,V*08"
1679556509,GNSS,0,
1679556514,GNSS,0,
1679556519,GNSS,0,
1679556524,GNSS,0,
1679556529,GNSS,0,"$GNRMC,072800.000,A,2649.292217,N,07551.399842,E,0.00,290.48,230323,,,D,V*09"
1679556534,GNSS,0,
1679556539,GNSS,0,"$GNRMC,072816.000,A,2649.289717,N,07551.399969,E,0.00,290.48,230323,,,D,V*09"
1679556544,GNSS,0,
1679556549,GNSS,0,"$GNRMC,072832.000,A,2649.285892,N,07551.404485,E,0.00,290.48,230323,,,D,V*0D"
1679556554,GNSS,0,
1679556559,GNSS,0,
1679556564,GNSS,0,"$GNRMC,072833.000,A,2649.285807,N,07551.406062,E,0.00,290.48,230323,,,D,V*0F"
1679556569,GNSS,0,"$GNRMC,072849.000,A,2649.285708,N,0"
1679556574,GNSS,0,
1679556579,GNSS,0,
1679556584,GNSS,0,
1679556589,GNSS,0,
1679556594,GNSS,0,
1679556599,GNSS,0,"$GNRMC,072922.000,A,2649.287387,N,07551.393789,E,3.13,275.86,230323,,,D,V*0E"
1679556604,GNSS,0,
1679556609,GNSS,0,
1679556614,GNSS,0,"$GNRMC,072923.000,A,2649.287863,N,07551.393092,E,2.34,305.19,230323,,,D,V*07"
1679556619,GNSS,0,"$GNRMC,072939.000,A,2649.288513,N,07551.386"
1679556624,GNSS,0,
1679556629,GNSS,0,
1679556634,GNSS,0,
1679556639,GNSS,0,
1679556644,GNSS,0,"$GNRMC,072956.000,A,2649.279728,N,07551.386791,E,3.54,199.87,230323,,,D,V*03"
1679556649,GNSS,0,"$GNRMC,073012."
1679556654,GNSS,0,
1679556659,GNSS,0,
1679556664,GNSS,0,"$GNRMC,073013.000,A,2649.287269,N,07551.398920,E,1.74,233.35,230323,,,D,V*0A"
1679556669,GNSS,0,
1679556674,GNSS,0,"$GNRMC,073029.000,A,2649.285362,N,07551.404811,E,0.00,130.05,230323,,,D,V*0B"
1679556679,GNSS,0,
1679556684,GNSS,0,"$GNRMC,073045.000,A,2649.287861,N,07551.404250,E,0.00,130.05,230323,,,D,V*04"
1679556689,GNSS,0,
1679556694,GNSS,0,"$GNRMC,073046.000,A,2649.287861,N,07551.404250,E,0.00,130.05,230323,,,D,V*07"
1679556699,GNSS,0,
1679556704,GNSS,0,"$GNRMC,073102.000,A,2649.289918,N,07551.407992,E,0.00,114.81,230323,,,D,V*0B"
1679556709,GNSS,0,
1679556714,GNSS,0,
1679556719,GNSS,0,"$GNRMC,073118.000,A,2649.293597,N,07551.406621,E,0.00,234.31,230323,,,D,V*0C"
1679556724,GNSS,0,
1679556729,GNSS,0,"$GNRMC,073119.000,A,2649.293840,N,07551.405246,E,0.00,234.31,230323,,,D,V*0C"
1679556734,GNSS,0,
1679556739,GNSS,0,"$GNRMC,073135.000,A,2649.295483,N,07551.408071,E,0.00,234.31,230323,,,D,V*0C"
1679556744,GNSS,0,
1679556749,GNSS,0,"$GNRMC,073151.000,A,2649.294302,N,07551.402361,E,0.00,234.31,230323,,,D,V*09"
1679556754,GNSS,0,
1679556759,GNSS,0,"$GNRMC,073152.000,A,2649.294652,N,07551.402954,E,0.00"
1679556764,GNSS,0,
1679556769,GNSS,0,"$GNRMC,073208.000,A,2649.293158,N,07551.404918,E,0.00,234.31,230323,,,D,V*0E"
1679556774,GNSS,0,
1679556779,GNSS,0,
1679556784,GNSS,0,
1679556789,GNSS,0,"$GNRMC,073225.000,A,2649.293819,N,"
1679556794,GNSS,0,
1679556799,GNSS,0,"$GNRMC,073241.000,A,2649.301462,N,07551.406590,E,2.22,354.30,230323,,,D,V*0F"
1679556804,GNSS,0,
1679556809,GNSS,0,"$GNRMC,073242.000,A,2649.301505,N,07551.407180,E,0.00,354.30,230323,,,D,V*0A"
1679556814,GNSS,0,
1679556819,GNSS,0,"$GNRMC,073258.000,A,2649.289491,N,07551.405890,E,0.00,202.03,230323,,,D,V*04"
1679556824,GNSS,0,
1679556829,GNSS,0,"$GNRMC,073259.000,A,2649.2888"
1679556834,GNSS,0,
1679556839,GNSS,0,"$GNRMC,073315.000,A,2649.293272,N,07551.412903,E,0.00,1"
1679556844,GNSS,0,
1679556849,GNSS,0,"$GNRMC,073331.000,A,2649.295523,N,07551.411435,E,0.00,83.38,230323,,,D,V*3A"
1679556854,GNSS,0,
1679556859,GNSS,0,
1679556864,GNSS,0,
1679556869,GNSS,0,
1679556874,GNSS,0,"$GNRMC,073348.000,A,2649.295511,N,07551.416933,E,2.67,118.36,230323,,,D,V*07"
1679556879,GNSS,0,
1679556884,GNSS,0,
1679556889,GNSS,0,"$GNRMC,073405.000,A,2649.291088,N,07551.407553,E,0.00,305.95,230323,,,D,V*06"
1679556894,GNSS,0,
1679556899,GNSS,0,
1679556904,GNSS,0,
1679556909,GNSS,0,"$GNRMC,073422.000,A,2649.289637,N,07551.403436,E,0.00,305.95,230323,,,D,V*0E"
1679556914,GNSS,0,
1679556919,GNSS,0,
1679556924,GNSS,0,"$GNRMC,073439.000,A,2649.287175,N,07551.405616,E,2.48,128.83,230323,,,D,V*09"
1679556929,GNSS,0,
1679556934,GNSS,0,
1679556939,GNSS,0,
1679556944,GNSS,0,"$GNRMC,073456.000,A,2649.287973,N,07551.408913,E,0.00,103.20,230323,,,D,V*07"
1679556949,GNSS,0,"$GNRMC,073512.000,A,2649.295356,N,07551.402827,E,0.00,275.06,230323,,,D,V*02"
1679556954,GNSS,0,
1679556959,GNSS,0,
1679556964,GNSS,0,"$GNRMC,073513.000,A,2649.294906,N,07551.403236,E,0.00,275.06,230323,,,D,V*06"
1679556969,GNSS,0,"$GNRMC,073530.000,A,2649.289643,N,07551.399584,E,0.00,275.06,230323,,,D,V*0F"
1679556974,GNSS,0,
1679556979,GNSS,0,"$GNRMC,073531.000,A,2649.288271,N,07551.399454,E,0.00,275.06,230323,,,D,V*06"
1679556984,GNSS,0,"$GNRMC,073547.000,A,2649.282812,N,07551.395093,E,0.00,222.86,230323,,,D,V*0B"
1679556989,GNSS,0,
1679556994,GNSS,0,"$GNRMC,073548.000,A,2649.2812"
1679556999,GNSS,0,
1679557004,GNSS,0,
1679557009,GNSS,0,
1679557014,GNSS,0,"$GNRMC,073605.000,A,2649.278026,N,07551.399076,E,0.00,139.27,230323,,,D,V*01"
1679557019,GNSS,0,
1679557024,GNSS,0,"$GNRMC,073624.000,A,26"
1679557029,GNSS,0,
1679557034,GNSS,0,
1679557039,GNSS,0,"$GNRMC,07364"
1679557044,GNSS,0,
1679557049,GNSS,0,
1679557054,GNSS,0,
1679557059,GNSS,0,"$GNRMC,073658.000,A,2649.300220,N,07551.416358,E,2.98,21.52,230323,,,D,V*35"
1679557064,GNSS,0,
1679557069,GNSS,0,"$GNRMC,073659.000,A,2649.300117,N,07551.416509,E,2.58,27.50,230323,,,D,V*39"
1679557074,GNSS,0,"$GNRMC,073715.000,A,2649.299506,N,07551.419282,E,0.00,169.49,230323,,,D,V*02"
1679557079,GNSS,0,
1679557084,GNSS,0,"$GNRMC,073716.000,A,2649.301073,N,07551.419222,E,"
1679557089,GNSS,0,"$GNRMC,073732.000,A,2649.309101"
1679557094,GNSS,0,
1679557099,GNSS,0,
1679557104,GNSS,0,"$GNRMC,073733.000,A,2649.308381,N,07551.416345,E,0.00,169.49,230323,,,D,V*03"
1679557109,GNSS,0,"$GNRMC,073749.000,A,2649.301062,N,07551.407766,E,0.00,169.49,230323,,,D,V*0C"
1679557114,GNSS,0,
1679557119,GNSS,0,
1679557124,GNSS,0,
1679557129,GNSS,0,"$GNRMC,073806.000,A,2649.300315,N,07551.397669,E,2.15,347.74,230323,,,D,V*0C"
1679557134,GNSS,0,
1679557139,GNSS,0,
1679557144,GNSS,0,"$GNRMC,073823.000,A,2649.316882,N,07551.407207,E,2.95,7.42,230323,,,D,V*01"
1679557149,GNSS,0,
1679557154,GNSS,0,
1679557159,GNSS,0,
1679557164,GNSS,0,"$GNRMC,073840.000,A,2649.312330,N,07551.415176,E,0.00,88.14,230323,,,D,V*3E"
1679557169,GNSS,0,
1679557174,GNSS,0,
1679557179,GNSS,0,"$GNRMC,073857.000,A,2649.318760,N,07551.413057,E,0.00,88.14,230323,,,D,V*37"
1679557184,GNSS,0,
1679557189,GNSS,0,
1679557194,GNSS,0,
1679557199,GNSS,0,
1679557204,GNSS,0,
1679557209,GNSS,0,
1679557214,GNSS,0,"$GNRMC,073931.000,A,2649.293841,N,07551.395194,E,0.00,88.14,230323,,,D,V*3F"
1679557219,GNSS,0,
1679557224,GNSS,0,
1679557229,GNSS,0,
1679557234,GNSS,0,"$GNRMC,073948.000,A,2649.293841,N,07551.395018,E,0.00,88.14,230323,,,D,V*34"
1679557239,GNSS,0,
1679557244,GNSS,0,
1679557249,GNSS,0,"$GNRMC,074005.000,A,2649.2"
1679557254,GNSS,0,
1679557259,GNSS,0,"$GNRMC,074021.000,A,2649.291693,N,07551.397516,E,0.00,88.14,230323,,,D,V*3F"
1679557264,GNSS,0,
1679557269,GNSS,0,"$GNRMC,074022.000,A,2649.292106,N,07551.397783,E,0.00,88.14,230323,,,D,V*3A"
1679557274,GNSS,0,
1679557279,GNSS,0,"$GNRMC,074038.000,A,2649.292817,N,07551.395798,E,0.00,88.14,230323,,,D,V*30"
1679557284,GNSS,0,
1679557289,GNSS,0,"$GNRMC,074039.000,A,2649.292786,N,07551.395613,E,0.00,88.14,230323,,,D,V*34"
1679557294,GNSS,0,"$GNRMC,074055.000,A,2649.290893,N,07551.398000,E,0."
1679557299,GNSS,0,
1679557304,GNSS,0,
1679557309,GNSS,0,
1679557314,GNSS,0,"$GNRMC,074112.000,A,2649.286078,N,07551.401931,E,0.00,88.14,230323,,,D,V*3A"
1679557319,GNSS,0,
1679557324,GNSS,0,"$GNRMC,074113.000,A,2649.285552,N"
1679557329,GNSS,0,
1679557334,GNSS,0,"$GNRMC,074129.000,A,2649.286178,N,07551.399842,E,0.00,332.47,230323,,,D,V*04"
1679557339,GNSS,0,
1679557344,GNSS,0,
1679557349,GNSS,0,"$GNRMC,"
1679557354,GNSS,0,
1679557359,GNSS,0,"$GNRMC,074202.000,A,2649.283119,N,07551.399507,E,0.00,332.47,230323,,,D,V*00"
1679557364,GNSS,0,
1679557369,GNSS,0,"$GNRMC,074203.000,A,2649.282742,N,07551.399649,E,0.00,332.47,230323,,,D,V*01"
1679557374,GNSS,0,
1679557379,GNSS,0,
1679557384,GNSS,0,
1679557389,GNSS,0,"$GNRMC,074220.000,A,2649.270414,N,07551.395455,E,0.00,234.73,230323,,,D,V*0E"
1679557394,GNSS,0,"$GNRMC,074236.000,A,2649.261555,N,07551.383740,E,3.78,253.56,230323,,,D,V*07"
1679557399,GNSS,0,
1679557404,GNSS,0,"$GNRMC,074237.000,A,2649.261699,N,07551.384615,E,2.83,216.96,230323,,,D,V*0"
1679557409,GNSS,0,
1679557414,GNSS,0,"$GNRMC,074253.000,A,2649.267426,N,07551.380695,E,0.00,335.90,230323,,,D,V*0A"
1679557419,GNSS,0,
1679557424,GNSS,0,"$GNRMC,074254.000,A,2649.267181,N,07551.380166,E,0.00,335.90,230323,,,D,V*0E"
1679557429,GNSS,0,"$GNRMC,074310.000,A,2649.267621,N,07551.383333,E,0.00,335.90,230323,,,D,V*03"
1679557434,GNSS,0,
1679557439,GNSS,0,"$GNRMC,074311.000,A,2649.268077,N,07551.382934,E,0.00,335.90,230323,,,D,V*04"
1679557444,GNSS,0,
1679557449,GNSS,0,
1679557454,GNSS,0,"$GNRMC,074328.000,A,2649.286505,N,07551.402173,E,0.00,335.90,230323,,,D,V*0A"
1679557459,GNSS,0,
1679557464,GNSS,0,"$GNRMC,074345.000,A,2649.290716,N,07551.406771,E,0.00,96.27,230323,,,D,V*30"
1679557469,GNSS,0,
1679557474,GNSS,0,"$GNRMC,074346.000,A,264"
1679557479,GNSS,0,"$GNRMC,074402.000,A,2649.296475,N,07551.404187,E,0.00,96.27,230323,,,D,V*39"
1679557484,GNSS,0,
1679557489,GNSS,0,
1679557494,GNSS,0,"$GNRMC,074403.000,A,2649.295242,N,07551.405843,E,0.00,96.27,230323,,,D,V*39"
1679557499,GNSS,0,
1679557504,GNSS,0,
1679557509,GNSS,0,"$GNRMC,074420.000,A,2649.292689,N,07551.402669,E,0.00,96.27,230323,,,D,V*3D"
1679557514,GNSS,0,"$GNRMC,074436.000,A,2649.294112,N,07551.402520,E,0.00,96.27,230323,,,D,V*37"
1679557519,GNSS,0,
1679557524,GNSS,0,"$GNRMC,074437.000,A,2649.294475,N,07551.402391,E,0.00,96.27,230323,,,D,V"
1679557529,GNSS,0,
1679557534,GNSS,0,"$GNRMC,074453.000,A,2649.295647,N,07551.398275,E,0.00,96.27,230323,,,D,V*31"
1679557539,GNSS,0,
1679557544,GNSS,0,"$GNRMC,074454.000,A,2649.295711,N,07551.398305,E,0.00,96.27,230323,,,D,V*32"
1679557549,GNSS,0,"$GNRMC,074510.000,A,2649.292997,N,07551.404198,E,0.00,96.27,230323,,,D,V*30"
1679557554,GNSS,0,
1679557559,GNSS,0,"$GNRMC,074511.000,A,2649.293085,N,07551.405401,E,0.00,96.27,230323,,,D,V*3E"
1679557564,GNSS,0,"$GNRMC,074527.000,A,2649.296314,N,07551.421976,E,0.00,65.47,230323,,,D,V*34"
1679557569,GNSS,0,
1679557574,GNSS,0,"$GNRMC,074528.000,A,2649.295963,N,07551.420132,E,0.00,6"
1679557579,GNSS,0,
1679557584,GNSS,0,
1679557589,GNSS,0,"$GNRMC,074545.000,A,2649.295516,N,07551.411987,E,0.00,60.9"
1679557594,GNSS,0,
1679557599,GNSS,0,
1679557604,GNSS,0,"$GNRMC,07460"
1679557609,GNSS,0,
1679557614,GNSS,0,
1679557619,GNSS,0,
1679557624,GNSS,0,"$GNRMC,074619.000,A,2649.287286,N,07551.367535,E,5.36,222.36,230323,,,D,V*09"
1679557629,GNSS,0,
1679557639,GNSS,0,"$GNRMC,0746"
1679557644,GNSS,0,
1679557649,GNSS,0,"$GNRMC,074652.000,V,,,,,3.11,,,,,N,V*36"
1679557654,GNSS,0,"$GNRMC,074653."
1679557659,GNSS,0,
1679557664,GNSS,0,"$GNRMC,074654.000,A,2649.2842"
1656633606,GNSS,0,
1656633611,GNSS,0,
1656633616,GNSS,0,"$GNRMC,095519.000,V,,,,,0.30,,,,,N,V*35"
1656633621,GNSS,0,
1656633626,GNSS,0,"$GNRMC,095541.000,V,,,,,2.71,,,,,N,V*3F"
1656633631,GNSS,0,
1656633635,GNSS,0,"$GNRMC,095542.000,V,,,,,2.67,,,,,N,V*3B"
1656633636,GNSS,0,
1656633636,GNSS,0,"$GNRMC,095543.000,V,,,,,3.84,,,,,N,V*36"
1656633637,GNSS,0,"$GNRMC,09"
1656633638,GNSS,0,
1656633638,GNSS,0,"$GNRMC,095545.000,V,,,,,2.55,,,,,N,V"
1656633639,GNSS,0,
1656633640,GNSS,0,"$GNRMC,095546.000,V,,,,,4.16,,,,,N,V*3F"
1656633640,GNSS,0,
1656633641,GNSS,0,"$GNRMC,095547.000,V,,,,,2.80,,,,,N,V*37"
1656633641,GNSS,0,
1656633642,GNSS,0,"$GNRMC,095548.000,V,,,,,5.89,,,,,N,V*36"
1656633643,GNSS,0,
1656633643,GNSS,0,"$GNRMC,095549.000,V,,,,,2.28,,,,,N,V*3B"
1656633644,GNSS,0,
1656633645,GNSS,0,"$GNRMC,095550.000,V,,,,,2.46,,,,,N,V*3B"
1656633645,GNSS,0,
1656633646,GNSS,0,"$GNRMC,095551.000,V,,,,,2.27,,,,,N,V*3D"
1656633647,GNSS,0,
1656633647,GNSS,0,"$GNRMC,095552.000,V,,,,,2.20,,,,,N,V*39"
1656633648,GNSS,0,
1656633648,GNSS,0,"$GNRMC,095553.000,V,,,,,1.64,,,,,N,V*3B"
1656633649,GNSS,0,
1656633650,GNSS,0,"$GNRMC,095554.000,V,,,,,1.01,,,,,N,V*3F"
1656633650,GNSS,0,"$GNRMC,095555.000,V,"
1656633651,GNSS,0,
1656633606,GNSS,0,
1656633611,GNSS,0,"$GNRMC,095618.000,V,,,,,0.49,,,,,N,V*39"
1656633616,GNSS,0,
1656633621,GNSS,0,"$GNRMC,095619.000,V,,,,,3.55,,,,,N,V*36"
1656633626,GNSS,0,
1656633631,GNSS,0,
1679565398,GNSS,0,"$GNRMC,095637.000,A,2649.317291,N,07551.367421,E,0.00,106.43,230323,,,D,V*07"
1679565403,GNSS,0,
1679565408,GNSS,0,
1679565413,GNSS,0,"$GNRMC,095654.000,A,2649.311977,N,07551.361513,E,0.00,106.43,230323,,,D,V*01"
1679565418,GNSS,0,
1679565423,GNSS,0,
1679565428,GNSS,0,"$GNRMC,095711.000,A,2649.308926,N,07551.372393,E,0.00"
1679565433,GNSS,0,
1679565438,GNSS,0,
1679565443,GNSS,0,
1679565448,GNSS,0,"$GNRMC,095728.000,A,2649.295663,N,07551.399900,E,4.88,113.50,230323,,,D,V*07"
1679565453,GNSS,0,
1679565458,GNSS,0,
1679565463,GNSS,0,"$GNRMC,095745.000,A,2649.294766,N,07551.396524,E,0.00,112.38,230323,,,D,V*07"
1679565468,GNSS,0,
1679565473,GNSS,0,
1679565478,GNSS,0,"$GNRMC,095803.000,V,,,,,0.07,,,,,N,V*37"
1679565483,GNSS,0,
1679565488,GNSS,0,"$GNRMC,095804.000,V,,,,,0.13,,,,,N,V*35"
1679565493,GNSS,0,
1679565498,GNSS,0,"$GNRMC,095805.000,V,,,,,0.14,,,,,N,V*33"
1679565503,GNSS,0,"$GNRMC,095827.000,V,,,,,0.12,,,,,N,V*35"
1679565508,GNSS,0,
1679565513,GNSS,0,"$GNRMC,095828.000,V,,,,,0.14,,,,,N,V*3C"
1679565518,GNSS,0,"$GNRMC,095845.000,A,2649.291875,N,07551.393636,E,0.00,283.08,230323,,,D,V*0D"
1679565523,GNSS,0,
1679565528,GNSS,0,"$GNRMC,095846.000,A,2649.291762,N,07551.393807,E,0.00,283.08,230323,,,D,V*0B"
1679565533,GNSS,0,
1679565538,GNSS,0,
1679565543,GNSS,0,"$GNRMC,095903.000,A,2649.293766,N,07551.395065,E,0.00,283.08,230323,,"
1679565548,GNSS,0,
1679565553,GNSS,0,
1679565558,GNSS,0,
1679565563,GNSS,0,"$GNRMC,095920.000,A,2649.292812,N,07551.406830,E,0.00,57.41,230323,,,D,V*38"
1679565568,GNSS,0,
1679565573,GNSS,0,
1679565578,GNSS,0,"$GNRMC,095937.000,A,2649.290396,N,07551.403214,E,0.00,59.59,230323,,,D,V*35"
1679565583,GNSS,0,
1679565588,GNSS,0,
1679565593,GNSS,0,"$GNRMC,095954.000,A,2649.292989,N,07551.400004,E,0.00,59.59,230323,,,D,V*36"
1679565598,GNSS,0,
1679565603,GNSS,0,
1679565608,GNSS,0,"$GNRMC,100011.000,A,2649.295682,N,07551.388423,E,0.00,58.73,"
1679565613,GNSS,0,
1679565618,GNSS,0,
1679565623,GNSS,0,"$GNRMC,100028.000,A,26"
1679565628,GNSS,0,
1679565633,GNSS,0,
1679565638,GNSS,0,
1679565643,GNSS,0,
1679565648,GNSS,0,
1679565653,GNSS,0,"$GNRMC,100046.000,A,2649.283809,N,07551.401509,E,2.37,188.44,230323,,,D,V*06"
1679565658,GNSS,0,
1679565663,GNSS,0,"$GNRMC,100106.000,V,,,,,0.94,,,,,N,V*3C"
1679565668,GNSS,0,"$GNRMC,1001"
1679565673,GNSS,0,
1679565678,GNSS,0,
1679565683,GNSS,0,
1679565688,GNSS,0,"$GNRMC,100124.000,A,2649.298967,N,07551.389937,E,0.00,133.65,230323,,,D,V*03"
1679565693,GNSS,0,
1679565698,GNSS,0,
1679565703,GNSS,0,"$GNRMC,100141.000,A,2649.305755,N,07551.390178,E,0.00,133.65,230323,,,D,V*01"
1679565708,GNSS,0,
1679565713,GNSS,0,"$GNRMC,100157.000,A,2649.308896,N,07551.389815,E,0.00,331.18,230323,,,D,V*0B"
1679565718,GNSS,0,
1679565723,GNSS,0,
1679565728,GNSS,0,
1679565733,GNSS,0,"$GNRMC,100214.000,A,2649.3056"
1679565738,GNSS,0,
1679565743,GNSS,0,"$GNRMC,100230.000,A,2649.292066,N,07551.406931,E,2.15,120.89,230323,,,D,V*07"
1679565748,GNSS,0,
1679565753,GNSS,0,
1679565758,GNSS,0,"$GNRMC,100231.000,A,2649.291423,N,07551.407682,E,2.12,119.83,230323,,,D,V*01"
1679565763,GNSS,0,"$GNRMC,1002"
1679565768,GNSS,0,
1679565773,GNSS,0,
1679565778,GNSS,0,
1679565783,GNSS,0,
1679565788,GNSS,0,"$GNRMC,100304.000,A,2649.300059,N,07551.392510,E,0.00,88.27,230323,,,D,V*33"
1679565793,GNSS,0,
1679565798,GNSS,0,"$GNRMC,100320.000,A,2649.304315,N,07551.382981,E,4.16,270.52,230323,,,D,V*0B"
1679565803,GNSS,0,
1679565808,GNSS,0,"$GNRMC,100321.000,A,2649.305579,N,"
1679565813,GNSS,0,
1679565818,GNSS,0,
1679565823,GNSS,0,"$GNRMC,100338.000,A,2649.300813,N,07551.388240,E,0.00,44.28,230323,,,D,V*3C"
1679565828,GNSS,0,"$GNRMC,100354.000,A,2649.302011,N,07551.382171,E,3.49,3"
1679565833,GNSS,0,
1679565838,GNSS,0,
1679565843,GNSS,0,"$GNRMC,100410.000,A,2649.294652,N,07551.393851,E,0.00,59.32,230323,,,D,V*31"
1679565848,GNSS,0,
1679565853,GNSS,0,"$GNRMC,100411.000,A,2649.295040,N,"
1679565858,GNSS,0,
1679565863,GNSS,0,
1679565868,GNSS,0,"$GNRMC,100427.000,A,2649.288868,N,07551.396667,E,2.30,232.76,230323,,,D,V*0F"
1679565873,GNSS,0,
1679565878,GNSS,0,
1679565883,GNSS,0,"$GNRMC,100443.000,A,2649.294649,N,07551.402841,E,2.03,145.24,230323,,,D,V*09"
1679565888,GNSS,0,
1679565893,GNSS,0,
1679565898,GNSS,0,"$GNRMC,100459.000,A,2649.300103,N,07551.413103,E,0.00,51.50,230323,,,D,V*3E"
1679565903,GNSS,0,
1679565908,GNSS,0,
1679565913,GNSS,0,
1679565918,GNSS,0,
1679565923,GNSS,0,
1679565928,GNSS,0,"$GNRMC,100531.000,A,2649.299323,N,07551.408934,E,3.89,53.85,230323,,,D,V*3E"
1679565933,GNSS,0,
1679565938,GNSS,0,"$GNRMC,100532.000,A,2649.299013,N,07551.407581,E,0.00,190.61,230323,,,D,V*06"
1679565943,GNSS,0,
1679565948,GNSS,0,"$GNRMC,100548.000,A,2649.303369,N,07551.409694,E,2.07,46.71,230323,,"
1679565953,GNSS,0,
1679565958,GNSS,0,"$GNRMC,100604.000,A,2649.306691,N,07551.407227,E,0.00,95.52,230323,,,D,V*34"
1679565963,GNSS,0,
1679565968,GNSS,0,
1679565973,GNSS,0,
1679565978,GNSS,0,
1679565983,GNSS,0,"$GNRMC,100621.000,A,2649.303671,N,07551.398556,E,0.00,143.20,230323,,,D,V*07"
1679565988,GNSS,0,
1679565993,GNSS,0,"$GNRMC,100637.000,A,2649.306287,N,07551.393698,E,0.00,255.22,230323,,,D,V*04"
1679565998,GNSS,0,
1679566003,GNSS,0,
1679566008,GNSS,0,
1679566013,GNSS,0,
1679566018,GNSS,0,"$GNRMC,100654.000,A,2649.308416,N,07551.389519,E,0.00,243.64,230323,,,D,V*05"
1679566023,GNSS,0,
1679566028,GNSS,0,"$GNRMC,100710.000,A,2649.313447,N,07551.405811,E,0.00,83.95,230323,,,D,V*3C"
1679566033,GNSS,0,
1679566038,GNSS,0,
1679566043,GNSS,0,"$GNRMC,100726.000,A,2649.304478,N,07551.393038,E,0.00,22.28,230323,,,D,V*35"
1679566048,GNSS,0,
1679566053,GNSS,0,"$GNRMC,100727.000,A,2649.303898,N,07551.392845,E,0.00,22.28,230323,,,D,V*32"
1679566058,GNSS,0,
1679566063,GNSS,0,"$GNRMC,100743.000,A,2649.304371,N,07551.391355,E,3.59,58.48,230323,,,D,V*36"
1679566068,GNSS,0,
1679566073,GNSS,0,"$GNRMC,100759.000,A,2649.304819,N,07551.396853,E,0.00,0.11,230323"
1679566078,GNSS,0,
1679566083,GNSS,0,
1679566088,GNSS,0,"$GNRMC,100815.000,A,2649.297941,N,07551.397201,E,0.00,219.83,230323,,,D,V*01"
1679566093,GNSS,0,
1679566098,GNSS,0,"$GNRMC,100816.000,A,264"
1679566103,GNSS,0,
1679566108,GNSS,0,
1679566113,GNSS,0,"$GNRMC,100832.000,A,2649.301426,N,07551.402126,E,0.00,219.83,230323,,,D,V*0B"
1679566118,GNSS,0,
1679566123,GNSS,0,
1679566128,GNSS,0,"$GNRMC,100848.000,A,2649.303641,N,07551.411451,E,2.48,253.71,230323,,,D,V*0D"
1679566133,GNSS,0,
1679566138,GNSS,0,
1679566143,GNSS,0,"$GNRMC,100904.000,A,2649.300194,N,07551.402160,E,0.00,215.14,230323,,,D,V*02"
1679566148,GNSS,0,
1679566153,GNSS,0,
1679566158,GNSS,0,"$GNRMC,100920.000,A,2649.299939,N,07551.399786,E,0.00,215.14,230323,,,D,V*01"
1679566163,GNSS,0,
1679566168,GNSS,0,
1679566173,GNSS,0,"$GNRMC,100936.000,A,2649.297524,N,07551.395529,E,0.00,215.14,230323,,,D,V*03"
1679566178,GNSS,0,
1679566183,GNSS,0,"$GNRMC,100937.000,A,2649.297575,N,07551.395341,E,0.00,215.14,230323,,,D,V*0"
1679566188,GNSS,0,
1679566193,GNSS,0,
1679566198,GNSS,0,"$GNRMC,100953.000,A,2649.300179,N,07551.397226,E,0.00,215.14,230323,,,D,V*09"
1679566203,GNSS,0,
1679566208,GNSS,0,"$GNRMC,101009.000,A"
1679566213,GNSS,0,
1679566218,GNSS,0,
1679566223,GNSS,0,"$GNRMC,101025.000,A,2649.321093,N,07551.399095,E,0.00,87.21,230323,,,D,V*3D"
1679566228,GNSS,0,
1679566233,GNSS,0,
1679566238,GNSS,0,"$GNRMC,101041.000,A,2649.321968,N,07551.394873,E,0.00,87.21,230323,,,D,V*3F"
1679566243,GNSS,0,
1679566248,GNSS,0,"$GNRMC,101042.000,A,2649.322334,N,07551.394022,E,0.00,87.21,230323,,,D,V*30"
1679566253,GNSS,0,
1679566258,GNSS,0,"$GNRMC,101058.000,"
1679566263,GNSS,0,
1679566268,GNSS,0,
1679566273,GNSS,0,"$GNRMC,101114.000,A,2649.313412,N,07551.413389,E,0.00,87.21,230323,,,D,V*39"
1679566278,GNSS,0,
1679566283,GNSS,0,
1679566288,GNSS,0,"$GNRMC,101130.000,A,2649.306603,N,07551.412607,E,0.00,87.21,230323,,,D,V*3B"
1679566293,GNSS,0,
1679566298,GNSS,0,
1679566303,GNSS,0,"$GNRMC,101146.000,A,2649.304609,N,07551.408504,E,0.00,87.21,230323,,,D,V*39"
1679566308,GNSS,0,
1679566313,GNSS,0,
1679566318,GNSS,0,
1679566323,GNSS,0,"$GNRMC,101203.000,A,2649.303477,N,075"
1679566328,GNSS,0,
1679566333,GNSS,0,"$GNRMC,101219.000,A,2649.301498,N,07551.392440,E,0.00,87.21,230323,,,D,V*3A"
1679566338,GNSS,0,
1679566343,GNSS,0,
1679566348,GNSS,0,
1679566353,GNSS,0,
1679566358,GNSS,0,
1679566363,GNSS,0,
1679566368,GNSS,0,
1679566373,GNSS,0,"$GNRMC,101256.000,A,2649.291612,N,07551.389084,E,4.62,240.84,230323,,,D,V*09"
1679566378,GNSS,0,
1679566383,GNSS,0,"$GNRMC,101257.000,A,2649.293135,N,07551.386203,E,0.00,221.42,230323,,,D,V*07"
1679566388,GNSS,0,"$GNRMC,101313.000,A,2649.297909,"
1679566393,GNSS,0,
1679566398,GNSS,0,
1679566403,GNSS,0,
1679566408,GNSS,0,"$GNRMC,101330.000,A,2649.300258,N,07551.409694,E,1."
1679566413,GNSS,0,
1679566418,GNSS,0,
1679566423,GNSS,0,
1679566428,GNSS,0,"$GNRMC,101347.000,A,2649.291590,N,07551.427185,E,4.06,88.55,230323,,,D,V*3A"
1679566433,GNSS,0,
1679566438,GNSS,0,
1679566443,GNSS,0,
1679566448,GNSS,0,"$GNRMC,101404.000,A,2649.300846,N,07551.436223,E,4.66,132.67,230323,,,D,V*0D"
1679566453,GNSS,0,"$GNRMC,101420.000,A,2649.303661,N,07551.430729,E,0.00,94.36,230323,,,D,V*37"
1679566458,GNSS,0,
1679566463,GNSS,0,"$GNRMC,101421.000,A,2649.303563,N,07551.430030,E,0"
1679566468,GNSS,0,
1679566473,GNSS,0,
1679566478,GNSS,0,
1679566483,GNSS,0,"$GNRMC,101438.000,A,2649.307368,N,07551.417817,E,0.00,94.36,230323,,,D,V*31"
1679566488,GNSS,0,"$GNRMC,101454.000,A,2649.303581,N,07551.413427,E,0.00,94.36,230323,,,D,V*"
1679566493,GNSS,0,
1679566498,GNSS,0,
1679566503,GNSS,0,
1679566508,GNSS,0,"$GNRMC,101511.000,A,2649.302817,N,07551.405405,E,0.00,176.84,230323,,,D,V*05"
1679566513,GNSS,0,
1679566518,GNSS,0,
1679566523,GNSS,0,
1679566528,GNSS,0,"$GNRMC,101528.000,A,2649.304188,N,07551.403005,E,0.00,176.84,230323,,,D,V*04"
1679566533,GNSS,0,
1679566538,GNSS,0,
1679566543,GNSS,0,
1679566548,GNSS,0,"$GNRMC,101545.000,A,2649.304450,N,07551.403346,E,0.00,193.68,230323,,,D,V*02"
1679566553,GNSS,0,
1679566558,GNSS,0,"$GNRMC,101601.000,A,2649.302491,N,07551.405443,E,0.00,78.02,230323,,,D,V*36"
1679566563,GNSS,0,
1679566568,GNSS,0,"$GNRMC,101602.000,A,2649.302480,N,07551.404863,E,0.00,78.02,230323,,,D,V*3A"
1679566573,GNSS,0,"$GNRMC,101618.000,A,2649.306119,N,07551.403885,E,0.00,78.02,230323,,,D,V*3F"
1679566578,GNSS,0,
1679566583,GNSS,0,
1679566588,GNSS,0,
1679566593,GNSS,0,"$GNRMC,101635.000,A,2649.304806,N,07551.403390,E,0.00,177.84,230323,,,D,V*0A"
1679566598,GNSS,0,
1679566603,GNSS,0,
1679566608,GNSS,0,"$GNRMC,101654.000,V,,,,,1.11,,,,,N,V*31"
1679566613,GNSS,0,
1679566618,GNSS,0,"$GNRMC,101655.000,V,,,,,1.12,,,,,N,V*33"
1679566623,GNSS,0,
1679566628,GNSS,0,
1679566633,GNSS,0,"$GNRMC,101716.000,V,,,,,1.52,,,,,N,V*31"
1679566638,GNSS,0,
1679566643,GNSS,0,
1679566648,GNSS,0,
1679566653,GNSS,0,
1679566658,GNSS,0,"$GNRMC,101739.000,V,,,,,2.49,,,,,N,V*35"
1679566663,GNSS,0,
1679566668,GNSS,0,"$GNRMC,101740.000,V,,,,,1.77,,,,,N,V*35"
1679566673,GNSS,0,
1679566678,GNSS,0,"$GNRMC,101801.000,V,,,,,1.23,,,,,N,V*3E"
1679566683,GNSS,0,
1679566688,GNSS,0,
1679566693,GNSS,0,"$GNRMC,10"
1679566698,GNSS,0,
1679566703,GNSS,0,"$GNRMC,101824.000,V,,,,,0.71,,,,,N,V*3F"
1679566708,GNSS,0,
1679566713,GNSS,0,"$GNRMC,101825.000,V,,,,,0.05,,,,,N,V*3D"
1679566718,GNSS,0,
1679566723,GNSS,0,"$GNRMC,101846.000,V,,,,,2.18,,,,,N,V*36"
1679566728,GNSS,0,
1679566733,GNSS,0,
1679566738,GNSS,0,"$GNRMC,10"
1679566743,GNSS,0,"$GNRMC,101908.000,A,2649.299152,N,07551.391090,E,3.78,296.66,230323,,,D,V*05"
1679566748,GNSS,0,
1679566753,GNSS,0,"$GNRMC,101909.000,A,2649.299423,N,07551.390314,E,4.07,321.86,230323,,,D,V*05"
1679566758,GNSS,0,
1679566763,GNSS,0,"$GNRMC,101925.000,A,2649.295268,N,07551.391959,E,0.00,197.10,230323,,,D,V*0F"
1679566768,GNSS,0,
1679566773,GNSS,0,
1679566778,GNSS,0,"$GNRMC,101941.000,A,2649.305164,N,07551.393614,E,0.00,197.10,230323,,,D,V*0E"
1679566783,GNSS,0,
1679566788,GNSS,0,"$GNRMC,101942.000,A,2649.305267,N,07551.393323,E,0.00,197.10,230323,,,D,V*0C"
1679566793,GNSS,0,
1679566798,GNSS,0,"$GNRMC,101958.000,A,2649.314754"
1679566803,GNSS,0,
1679566808,GNSS,0,"$GNRMC,102014.000,A,2649.322900,N,0"
1679566813,GNSS,0,
1679566818,GNSS,0,
1679566823,GNSS,0,
1679566828,GNSS,0,
1679566833,GNSS,0,"$GNRMC,102031.000,A,2649.335920,N,07551.405735,E,4.37,315.33,230323,,,D,V*0B"
1679566838,GNSS,0,
1679566843,GNSS,0,"$GNRMC,102047.000,A,2649.309949,N,07551.429194,E,2.41,148.25,230323,,,D,V*03"
1679566848,GNSS,0,
1679566853,GNSS,0,
1679566858,GNSS,0,"$GNRMC,102104.000,A,2649.322189,N,07551.425601,E,0.00,306.43,230323,,,D,V*00"
1679566863,GNSS,0,
1679566868,GNSS,0,"$GNRMC,102105.000,A,2649.321407,N,07551"
1679566873,GNSS,0,
1679566878,GNSS,0,"$GNRMC,102121.000,A,2649.318866,N,0"
1679566883,GNSS,0,
1679566888,GNSS,0,
1679566893,GNSS,0,
1679566898,GNSS,0,
1679566903,GNSS,0,"$GNRMC,102138.000,A,2649.313573,N,07551.414747,E,0.00,306.43,230323,,,D,V*0D"
1679566908,GNSS,0,
1679566913,GNSS,0,"$GNRMC,102154.000,A,2649.308941,N,07551.404337,E,0.00,306.43,230323,,,D,V*02"
1679566918,GNSS,0,
1679566923,GNSS,0,
1679566928,GNSS,0,"$GNRMC,102213.000,V,,,,,0.10,,"
1679566933,GNSS,0,
1679566938,GNSS,0,"$GNRMC,102214.000,V,,,,,0.33,,,,,"
1679566943,GNSS,0,
1679566948,GNSS,0,"$GNRMC,102235.000,V,,,,,0.01,,,,,N,V*31"
1679566953,GNSS,0,
1679566958,GNSS,0,"$GNRMC,102236.000,V,,,,,0.06,,,,,N,V*35"
1679566963,GNSS,0,
1679566968,GNSS,0,"$GNRMC,102237.000,V,,,,,0.06,,,,,N,V*34"
1679566973,GNSS,0,"$GNRMC,102258.000,V,,,,,0.07,,,,,N,V*3C"
1679566978,GNSS,0,
1679566983,GNSS,0,"$GNRMC,102259.000,V,,,,,0.21,,,,,N,V*39"
1679566988,GNSS,0,
1679566993,GNSS,0,
1679566998,GNSS,0,"$GNRMC,102321.000,V,,,,,1.41,,,,,N,V*30"
1679567003,GNSS,0,
1679567008,GNSS,0,"$GNRMC,102322.000,V,,,,,0.06,,,,,N,V*31"
1679567013,GNSS,0,
1679567018,GNSS,0,
1679567023,GNSS,0,"$GNRMC,102344.000,V,,,,,6.06,,,,,N,V*37"
1679567028,GNSS,0,
1679567033,GNSS,0,"$GNRMC,102345.000,V,,,,,3.91,,,,,N,V*3D"
1679567038,GNSS,0,
1679567043,GNSS,0,"$GNRMC,102406.000,V,,,,,7.88,,,,,N,V*31"
1679567048,GNSS,0,
1679567053,GNSS,0,
1679567058,GNSS,0,"$GNRMC,1"
1679567063,GNSS,0,
1679567068,GNSS,0,"$GNRMC,102429.000,V,,,,,4.01,,,,,N,V*3E"
1679567073,GNSS,0,
1679567078,GNSS,0,"$GNRMC,102430.000,V,,,,,2.80,,,,,N,V*39"
1679567083,GNSS,0,
1679567088,GNSS,0,"$GNRMC,102451.000,V,,,,,0.34,,,,,N,V*33"
1679567093,GNSS,0,$GNRMC
1679567098,GNSS,0,
1679567103,GNSS,0,"$GNRMC,102453"
1679567108,GNSS,0,"$GNRMC,1"
1679567113,GNSS,0,
1679567118,GNSS,0,"$GNRMC,102515.000"
1679567123,GNSS,0,
1679567128,GNSS,0,
1679567133,GNSS,0,"$GNRMC,102536.000,V,,,,,0.33,,,,,N,V*34"
1679567138,GNSS,0,"$GNRMC,1"
1679567143,GNSS,0,
1679567148,GNSS,0,"$GNRMC,102538.000"
1679567153,GNSS,0,
1679567158,GNSS,0,"$GNRMC,102559.000,V,,,,,0.03,,,,,N,V*3E"
1679567163,GNSS,0,$GNRMC
1679567168,GNSS,0,
1679567173,GNSS,0,
1679567178,GNSS,0,"$GNRMC,102621.000,V,,,,,0.06,,,,,N,V*37"
1679567183,GNSS,0,
1679567188,GNSS,0,
1679567193,GNSS,0,"$GNRMC,10"
1679567198,GNSS,0,
1679567203,GNSS,0,"$GNRMC,102644.000,V,,,,,0.28,,,,,N,V*38"
1679567208,GNSS,0,
1679567213,GNSS,0,"$GNRMC,102645.000,V,,,,,8.72,,,,,N,V*3E"
1679567218,GNSS,0,
1679567223,GNSS,0,"$GNRMC,102706.000,V,,,,,0.00,,,,,N,V*35"
1679567228,GNSS,0,"$GNRMC,102"
1679567233,GNSS,0,
1679567238,GNSS,0,"$GNRMC,102708.000,V,,"
1679567243,GNSS,0,"$GNRMC,102729.000,V,,,,,5.58,,,,,N,V*30"
1679567248,GNSS,0,
1679567253,GNSS,0,"$GNRMC,102730.000,V,,,,,5.12,,,,,N,V*36"
1679567258,GNSS,0,
1679567263,GNSS,0,"$GNRMC,102731.000,V,,,,,0.08,,,,,N,V*39"
1679567268,GNSS,0,"$GNRMC,102752.000,V,,,,,0.00,,,,,N,V*34"
1679567273,GNSS,0,
1656633606,GNSS,0,"$GNRMC,235942.436,V,,,,,0.00,,,,,N,V*3D"
1656633611,GNSS,0,"$GNRMC,235943.435,V,,,,,0.00,,,,,N,V*3F"
1656633616,GNSS,0,"$GNRMC,235944.435,V,,,,,0.00,,,,,N,V*38"
1656633621,GNSS,0,"$GNRMC,235945.435,V,,,,,0.00,,,,,N,V*39"
1656633626,GNSS,0,"$GNRMC,235946.435,V,,,,,0.00,,,,,N,V*3A"
1656633631,GNSS,0,"$GNRMC,235947.435,V,,,,,0.00,,,,,N,V*3B"
1656633636,GNSS,0,"$GNRMC,235948.435,V,,,,,0.00,,,,,N,V*34"
1656633641,GNSS,0,"$GNRMC,130158.095,V,,,,,0.00,,,,,N,V*35"
1656633646,GNSS,0,
1656633651,GNSS,0,"$GNRMC,130159.095,V,,,,,0.00,,,,,N,V*34"
1656633656,GNSS,0,"$GNRMC,130200.095,V,,,,,0.00,,,,,N,V*3B"
1656633661,GNSS,0,
1656633666,GNSS,0,
1656633671,GNSS,0,"$GNRMC,130225.095,V,,,,,0.00,,,,,N,V*3C"
1656633676,GNSS,0,
1656633681,GNSS,0,"$GNRMC,130226.095,V,,,,,0.00,,,,,N,V*3F"
1656633686,GNSS,0,
1656633691,GNSS,0,
1656633696,GNSS,0,"$GNRMC,130250.095,V,,,,,0.00,,,,,N,V*3E"
1656633701,GNSS,0,"$GNRMC,130251.095,V,,,,,0.00,,,,,N"
1656633706,GNSS,0,
1656633711,GNSS,0,"$GNRMC,130252.095,V,,,,,0.00,,,,,N,V*3C"
1656633716,GNSS,0,
1656633721,GNSS,0,"$GNRMC,130315.089,V,,,,,0.00,,,,,N,V*33"
1656633726,GNSS,0,
1656633731,GNSS,0,"$GNRMC,130316.089,V,,,,,0.00,,,,,N,V*30"
1656633736,GNSS,0,
1679576615,GNSS,0,"$GNRMC,130334.000,A,2649.393105,N,07551.632274,E,13.57,106.68,230323,,,A,V*32"
1679576620,GNSS,0,
1679576625,GNSS,0,"$GNRMC,130350.000,A,2649.366909,N,07551.710435,E,12.36,109.96,230323,,,A,V*34"
1679576630,GNSS,0,
1679576635,GNSS,0,"$GNRMC,130351.000,A,2649.366200,N,"
1679576640,GNSS,0,
1679576645,GNSS,0,"$GNRMC,130407.000,A,2649.354646,N,07551.779219,E,12.69,99.71,230323,,,A,V*08"
1679576650,GNSS,0,
1679576655,GNSS,0,
1679576660,GNSS,0,
1679576665,GNSS,0,
1679576670,GNSS,0,"$GNRMC,130424.000,A,2649.344463,N,07551.841326,E,10.56,104.20,230323,,,A,V*3B"
1679576675,GNSS,0,
1679576680,GNSS,0,
1679576685,GNSS,0,"$GNRMC,130440.000,A,2649.338162,N,07551.873126,E,3.29,105.40,230323,,,A,V*08"
1679576690,GNSS,0,
1679576695,GNSS,0,
1679576700,GNSS,0,"$GNRMC,130456.000,A,2649.375688,N,07551.887622,E,14.05,6.17,230323,,,A,V*35"
1679576705,GNSS,0,
1679576710,GNSS,0,
1679576715,GNSS,0,
1679576720,GNSS,0,"$GNRMC,130513.000,A,2649.425864,N,07551.911004,E,7.78,90.58,230323,,,A,V*3B"
1679576725,GNSS,0,"$GNRMC,130529.000,A,2649.419774,N,07551.974997,E,11.13,93.15,230323,,,A,V*03"
1679576730,GNSS,0,
1679576735,GNSS,0,
1679576740,GNSS,0,
1679576745,GNSS,0,"$GNRMC,130546.000,A,2649.409456,N,07552.027734,E,0.00,138.07,230323,,,A,V*02"
1679576750,GNSS,0,
1679576755,GNSS,0,"$GNRMC,130547.000,A,2649.409456,N,07552.027734,E,0.00,138.07,230323,,,A,V*03"
1679576760,GNSS,0,"$GNRMC,130603.000,A,2649.404174,N,07552.026300,E,0.00,213.72,230323,,,A,V*02"
1679576765,GNSS,0,
1679576770,GNSS,0,
1679576775,GNSS,0,
1656633606,GNSS,0,"$GNRMC,235942.273,V,,,,,0.00,,,,,N,V*3A"
1656633611,GNSS,0,"$GNRMC,235943.272,V,,,,,0.00,,,,,N,V*3A"
1656633616,GNSS,0,"$GNRMC,235944.273,V,,,,,0.00,,,,,N,V*3C"
1656633621,GNSS,0,"$GNRMC,235945.273,V,,,,,0.00,,,,,N,V*3D"
1656633626,GNSS,0,"$GNRMC,235"
1656633631,GNSS,0,"$GNRMC,235948.272,V,,,,,0."
1656633636,GNSS,0,"$GNRMC,235949.272,V,,,,,0.00,,,,,N,V*30"
1656633641,GNSS,0,
1679584106,GNSS,0,"$GNRMC,150825.000,A,2649.392555,N,07551.997677,E,0.00,87.44,230323,,,A,V*3E"
1679584111,GNSS,0,
1679584116,GNSS,0,
1679584121,GNSS,0,
1679584126,GNSS,0,
1679584131,GNSS,0,"$GNRMC,150844.000,A,2649.371555,N,07551.971822,E,36.16,240.22,230323,,,A,V*39"
1679584136,GNSS,0,
1679584141,GNSS,0,
1679584146,GNSS,0,"$GNRMC,150904.000,V,,,,,0.02,,,,,N,V*3C"
1679584151,GNSS,0,"$GNRMC,150905.000,V,,,,,0.00,,,,,N,V*3F"
1679584156,GNSS,0,
1679584161,GNSS,0,"$GNRMC,150923.000,A,2649.419120,N,07551.908173,E,7.88,262.19,230323,,,A,V*08"
1679584166,GNSS,0,
1679584171,GNSS,0,
1679584176,GNSS,0,"$GNRMC,150924.000,A,2649.418402,N,07551.905144,E,8.51,259.74,230323,,,A,V*0A"
1679584181,GNSS,0,
1679584186,GNSS,0,"$GNRMC,150941.000,A,2649.358387,N,07551.888532,E,15.55,186.53,230323,,,A,V*3D"
1679584191,GNSS,0,
1679584196,GNSS,0,
1679584201,GNSS,0,"$GNRMC,150958.000,A,2649.340548,N,07551.854534,E,8.66,297.81,230323,,,A,V*0E"
1679584206,GNSS,0,
1679584211,GNSS,0,"$GNRMC,150959.000,A,2649.341386,N,07551.851791"
1679584216,GNSS,0,"$GNRMC,151015.000,A,2649.355313,N,07551.777924,E,12.38,277.35,230323,,,A,V*31"
1679584221,GNSS,0,
1679584226,GNSS,0,"$GNRMC,151016.000,A,2649.356183,N,075"
1679584231,GNSS,0,"$GNRMC,151032.000,A,2649.357911,N,07551.750851,E,0.00,260.90,230323,,,A,V*09"
1679584236,GNSS,0,
1679584241,GNSS,0,"$GNRMC,151033.000,A,2649.357911,N,07551."
1679584246,GNSS,0,
1679584251,GNSS,0,"$GNRMC,151049.000,A,2649.368862,N,07551.720775,E,14.94,284.51,230323,,,A,V*3D"
1679584256,GNSS,0,
1679584261,GNSS,0,
1679584266,GNSS,0,
1679584271,GNSS,0,
1679584276,GNSS,0,"$GNRMC,151106.000,A,2649.397163,N,07551.625331,E,21.33,289.30,230323,,,A,V*3E"
1679584281,GNSS,0,
1679584286,GNSS,0,
1679584291,GNSS,0,"$GNRMC,151122.000,A,2649.411965,N,07551.519538,E,19.42,267.99,230323,,,A,V*32"
1679584296,GNSS,0,
1679584301,GNSS,0,
1679584306,GNSS,0,"$GNRMC,151138.000,A,2649.433681,N,07551.427068,E,17.28,292.78,230323,,,A,V*37"
1679584311,GNSS,0,
1679584316,GNSS,0,"$GNRMC,151154.000,A,2649.435354,N,07551.381263,E,11.28,181.43,230323,,,A,V*3B"
1679584321,GNSS,0,
1679584326,GNSS,0,
1679584331,GNSS,0,"$GNRMC,151210.000,A,2649.365801,N,07551.376925,E,18.33,182.61,230323,,,A,V*30"
1679584336,GNSS,0,
1679584341,GNSS,0,
1679584346,GNSS,0,
1679584351,GNSS,0,
1679584356,GNSS,0,"$GNRMC,151227.000,A,2649.286292,N,07551.377042,E,9.39,134.55,230323,,,A,V*01"
1656633606,GNSS,0,"$GNRMC,235942.273,V,,,,,0.00,,,,,N,V*3A"
1656633611,GNSS,0,"$GNRMC,235943.272,V,,,,,0.00,,,,,N,V*3A"
1656633616,GNSS,0,"$GNRMC,235944.273,V,,,,,0.00,,,,,N,V*3C"
1656633621,GNSS,0,"$GNRMC,235945.273,V,,,,,0.00,,,,,N,V*3D"
1656633626,GNSS,0,"$GNRMC,235946.272,V,,,,,0.00,,,,,N,V*3F"
1656633631,GNSS,0,"$GNRMC,235947.272,V,,,,,0.00,,,,,N,V*3E"
1656633636,GNSS,0,
1656633641,GNSS,0,"$GNRMC,164037.319,V,,,,,0.00,,,,,N,V*3B"
1656633646,GNSS,0,"$GNRMC,164038.319,V,,,,,0.00,,,,,N,V*34"
1656633651,GNSS,0,
1656633656,GNSS,0,"$GNRMC,164039.319,V,,,,,0.00,,,,,N,V*35"
1656633661,GNSS,0,
1656633666,GNSS,0,
1679589664,GNSS,0,"$GNRMC,164103.000,A,2649.097102,N,07551.361074,E,24.11,183.08,230323,,,A,V*39"
1679589669,GNSS,0,
1679589674,GNSS,0,"$GNRMC,164120.000,A,2649.067753,N,07551.312625,E,19.49,279.08,230323,,,A,V*36"
1679589679,GNSS,0,
1679589684,GNSS,0,
1679589689,GNSS,0,
1679589694,GNSS,0,"$GNRMC,164137.000,A,2649.081359,N,07551.182726,E,26.44,278.13,230323,,,A,V*35"
1679589699,GNSS,0,
1679589704,GNSS,0,"$GNRMC,164138.000,A,2649.082331,N,07551.174700,E,26.05,277.05,230323,,,A,V*37"
1679589709,GNSS,0,"$GNRMC,164154.000,A,2649.068568,N,07551.051303,E,16.83,256.56,230323,"
1679589714,GNSS,0,
1679589719,GNSS,0,
1679589724,GNSS,0,
1679589729,GNSS,0,"$GNRMC,164211.000,A,2649.041970,N,07550.970390,E,23.89,246.91,230323,,,A,V*31"
1679589734,GNSS,0,
1679589739,GNSS,0,
1679589744,GNSS,0,"$GNRMC,164227.000,A,2648.985443,N,07550.827310,E,37.47,247.01,230323,,,D,V*38"
1679589749,GNSS,0,
1679589754,GNSS,0,"$GNRMC,164228.000,A,2648.981215,N,07550.816545,E,38.09,247.04,230323,,,D,V*32"
1679589759,GNSS,0,
1679589764,GNSS,0,
1679589769,GNSS,0,"$GNRMC,164244.000,A,2648.917042,N,07550.642940,E,36.80,247.19,230323,,,D,V*32"
1679589774,GNSS,0,
1679589779,GNSS,0,
1679589784,GNSS,0,"$GNRMC,164300.000,A,2648.858067,N,07550.471911,E,37.68,250.40,230323,,,D,V*35"
1679589789,GNSS,0,
1679589794,GNSS,0,
1679589799,GNSS,0,"$GNRMC,164316.000,A,2648.801133,N,07550.294366,E,36.32,250.87,230323,,,D,V*3C"
1679589804,GNSS,0,
1679589809,GNSS,0,
1679589814,GNSS,0,"$GNRMC,164332.000,A,2648.754096,N,07550.144904,E,23.67,249.99,230323,,,D,V*38"
1679589819,GNSS,0,
1679589824,GNSS,0,"$GNRMC,164348"
1679589829,GNSS,0,
1679589834,GNSS,0,
1679589839,GNSS,0,"$GNRMC,164404.000,A,2648."
1679589844,GNSS,0,
1679589849,GNSS,0,
1679589854,GNSS,0,"$GNRMC,164420.000,A,2648.801190,N,075"
1679589859,GNSS,0,
1679589864,GNSS,0,
1679589869,GNSS,0,"$GNRMC,164436.000,A,2648.917926,N,07549"
1679589874,GNSS,0,
1679589879,GNSS,0,
1679589884,GNSS,0,
1679589889,GNSS,0,"$GNRMC,164452.000,A,2648.988215,N,07549.945141,E,13.73,1.92,230323,,,D,V*34"
1679589894,GNSS,0,
1679589899,GNSS,0,"$GNRMC,164453.000,A,2648.992240,N,07549.945305,E,14.61,0.91,230323,,,D,V*3"
1679589904,GNSS,0,"$GNRMC,164508.000,A,2649.073042,N,07549.934030,E,20.21,349.72,230323,,,D,V*31"
1679589909,GNSS,0,
1679589914,GNSS,0,"$GNRMC,164509.000,A,2649.078"
1679589919,GNSS,0,"$GNRMC,164524.000,A,2649.115480,N,07549.915037,E,8.27,265.91,230323,,,D,V*0E"
1679589924,GNSS,0,
1679589929,GNSS,0,"$GNRMC,164525.000,A,2649.114789,N,07549.912409,E,9.22,250.06,230"
1679589934,GNSS,0,
1679589939,GNSS,0,
1679589944,GNSS,0,"$GNRMC,164541.000,A,2649.087377,N,07549.849909,E,18.40,243.15,230323,,,D,V*3C"
1679589949,GNSS,0,"$GNRMC,164556.000,A,2649.053246,N,07549.766052,E,13.18,251.26,230323,,,D,V*30"
1679589954,GNSS,0,
1679589959,GNSS,0,"$GNRMC,164557.000,A,2649.052138,N,07549.762747,E,9.70,254.31,230"
1679589964,GNSS,0,
1679589969,GNSS,0,"$GNRMC,164612.000,A,2649.078659,N,07549.745187,E,11.35,338.37,230323,,,D,V*3B"
1679589974,GNSS,0,
1679589979,GNSS,0,"$GNRMC,164613.000,A,2649.081725,N,07549.743979,E,10.83,340.42,230323,,"
1679589984,GNSS,0,"$GNRMC,164628.000,A,2649.113838,N,07549.731495,E,6.50,338.65,230323,,,D,V*00"
1679589989,GNSS,0,
1679589994,GNSS,0,"$GNRMC,164629.000,A,2649.115582,N,07549.7308"
1679589999,GNSS,0,"$GNRMC,164644.000,A,2649.117801,N,07549.730384,E,0.00,353.62,230323,,,D,V*0B"
1679590004,GNSS,0,
1679590009,GNSS,0,"$GNRMC,164645.000,A,2649.11"
1679590014,GNSS,0,"$GNRMC,164700.000,A,2649.117801,N,07549.730384,E,0.00,353.62,230323,,,D,V*0A"
1679590019,GNSS,0,
1679590024,GNSS,0,"$GNRMC,164701.000,A,2649."
1679590029,GNSS,0,"$GNRMC,164716.000,A,2649.117801,N,07549.730384,E,0.00,353.62,230323,,,D,V*0D"
1679590034,GNSS,0,
1679590039,GNSS,0,"$GNRMC,164717.000,A,2649.117801,N,"
1679590044,GNSS,0,
1679590049,GNSS,0,"$GNRMC,164732.000,A,2649.117801,N,07549.730384,E,0.00,353.62,230323,,,D,V*0B"
1679590054,GNSS,0,
1679590059,GNSS,0,"$GNRMC,164733.000,A,2649.117801,N,07549.730384,E,0.00,353.62,230323,,,D"
1679590064,GNSS,0,"$GNRMC,164748.000,A,2649.117801,N,07549.730384,E,0.00,353.62,230323,,,D,V*06"
1679590069,GNSS,0,
1679590074,GNSS,0,"$GNRMC,164749.000,A,2649.117801,N,07549.730384,E,0.00,353."
1679590079,GNSS,0,"$GNRMC,164804.000,A,2649.117801,N,07549.730384,E,0.00,353.62,230323,,,D,V*01"
1679590084,GNSS,0,
1679590089,GNSS,0,
1679590094,GNSS,0,"$GNRMC,16482"
1679590099,GNSS,0,
1679590104,GNSS,0,
1679590109,GNSS,0,
1679590114,GNSS,0,"$GNRMC,164836.000,A,2649.117801,N,07549.730384,E,0.00,353.62,230323,,,D,V*00"
1679590119,GNSS,0,
1679590124,GNSS,0,
1679590129,GNSS,0,
1679590134,GNSS,0,"$GNRMC,164852.000,A,2649.117801,N,07549.730384,E,0.00,353.62,230323,,,D,V*02"
1679590139,GNSS,0,
1679590144,GNSS,0,"$GNRMC,164907.000,A,2649.117801,N,07549.730384,E,0.00,353.62,230323,,,D,V*03"
1679590149,GNSS,0,
1679590154,GNSS,0,"$GNRMC,164908.000,A,2649.117801,N,07549.730384,E,0.00,353.62,23"
1679590159,GNSS,0,"$GNRMC,164923.000,A,2649.117801,N,07549.730384,E,0.00,353.62,230323,,,D,V*05"
1679590164,GNSS,0,
1679590169,GNSS,0,
1679590174,GNSS,0,
1679590179,GNSS,0,"$GNRMC,164939.000,A,2649.117801,N,07549.730384,E,0.00,353.62,230323,,,D,V*0E"
1679590184,GNSS,0,
1679590189,GNSS,0,
1679590194,GNSS,0,"$GNRMC,164955.000,A,2649.1178"
1679590199,GNSS,0,
1679590204,GNSS,0,
1679590209,GNSS,0,
1679590214,GNSS,0,"$GNRMC,165011.000,A,2649.117801,N,07549.730384,E,0.00,353.62,230323,,,D,V*0C"
1679590219,GNSS,0,"$GNRMC,165026.000,A,2649.117801,N,07549.730384,E,0.00,353.62,230323,,,D,V*08"
1679590224,GNSS,0,
1679590229,GNSS,0,
1679590234,GNSS,0,
1679590239,GNSS,0,"$GNRMC,165042.000,A,2649.117801,N,07549.730384,E,0.00,353.62,230323,,,D,V*0A"
1679590244,GNSS,0,
1679590249,GNSS,0,"$GNRMC,165043.000,A,2649.117801,N,07549.730384,E,0.00,353.62,230323,,,D"
1679590254,GNSS,0,"$GNRMC,165058.000,A,2649.117801,N,07549.730384,E,0.00,353.62,230323,,,D,V*01"
1679590259,GNSS,0,
1679590264,GNSS,0,
1679590269,GNSS,0,"$GNRMC,165114.000,A,2649.117801,N,07549.730384,E,0.00,353.62,230323,,,D,V*0"
1679590274,GNSS,0,
1679590279,GNSS,0,
1679590284,GNSS,0,
1679590289,GNSS,0,"$GNRMC,165130.000,A,2649.117801,N,07549.730384,E,0.00,353.62,230323,,,D,V*0E"
1679590294,GNSS,0,
1679590299,GNSS,0,
1679590304,GNSS,0,"$GNRMC,165146.000,A,2649.120799,N,07549.738186,E,0.00,72.93,230323,,,D,V*"
1679590309,GNSS,0,
1679590314,GNSS,0,
1679590319,GNSS,0,
1679590324,GNSS,0,"$GNRMC,165202.000,A,2649.120822,N,07549.738218,E,0.00,72.93,230323,,,D,V*3B"
1679590329,GNSS,0,
1679590334,GNSS,0,
1679590339,GNSS,0,"$GNRMC,165218.000,A,2649.120902,N,07549.738908,E,0.00,96.46,230323,,,D,V*3B"
1679590344,GNSS,0,
1679590349,GNSS,0,
1679590354,GNSS,0,"$GNRMC,"
1679590359,GNSS,0,
1679590364,GNSS,0,
1679590369,GNSS,0,"$GNRMC,165250.0"
1679590374,GNSS,0,
1679590379,GNSS,0,
1679590384,GNSS,0,
1679590389,GNSS,0,"$GNRMC,165306.000,A,2649.120902,N,07549.738908,E,0.00,96.46,230323,,,D,V*35"
1679590394,GNSS,0,
1679590399,GNSS,0,
1679590404,GNSS,0,"$GNRMC,165322.000,A,2649.122018,N,07549.744856,E,0.00,314.19,230323,,,D,V*01"
1679590409,GNSS,0,
1679590414,GNSS,0,"$GNRMC,165337.000,A,2649.105515,N,07549.749821,E,4.02,99.14,230323,,,D,V*38"
1679590419,GNSS,0,
1679590424,GNSS,0,"$GNRMC,165338.000,A,2649.105355,N,07549.750957,E,3.23,87.54,230323,"
1679590429,GNSS,0,"$GNRMC,165353.000,A,2649.109171,N,07549.778428,E,6.64,84.41,230323,,,D,V*39"
1679590434,GNSS,0,
1679590439,GNSS,0,
1679590444,GNSS,0,"$GNRMC,165409.000,A,2649."
1679590449,GNSS,0,
1679590454,GNSS,0,
1679590459,GNSS,0,
1679590464,GNSS,0,"$GNRMC,165425.000,A,2649.136529,N,07549.786201,E,0.00,350.35,230323,,,D,V*0B"
1679590469,GNSS,0,
1679590474,GNSS,0,"$GNRMC,165441.000,A,2649.136851,N,07549.784348,E,0.00,350.35,230323,,,"
1679590479,GNSS,0,
1679590484,GNSS,0,
1679590489,GNSS,0,"$GNRMC,165442.000,A,2649.137262,N,07549.783465,E,2.06,350.35,230323,,,D,V*06"
1679590494,GNSS,0,
1679590499,GNSS,0,"$GNRMC,165458.000,A,2649.132218,N,07549.743291,E,4.40,222.28,230323,,,D,V*08"
1679590504,GNSS,0,
1679590509,GNSS,0,
1679590514,GNSS,0,"$GNRMC,165514.000,A,2649.126239,N,07549.740812,E,2.94,193.39,230323,,,D,V*03"
1679590519,GNSS,0,
1679590524,GNSS,0,
1679590529,GNSS,0,"$GNRMC,165530.000,A,2649.116646,N,07549.742994,E,0.00,172.01,230323,,,D,V*0C"
1679590534,GNSS,0,
1679590539,GNSS,0,
1679590544,GNSS,0,"$GNRMC,165546.000,A,2649.116646,N,07549.742994,E,0.00,172.01,230323,,,D,V*0D"
1679590549,GNSS,0,
1679590554,GNSS,0,
1679590559,GNSS,0,"$GNRMC,165602.000,A,2649.111876,N,07549.744266,E,1.28,171.84,230323,,,D,V*01"
1679590564,GNSS,0,
1679590569,GNSS,0,"$GNRMC,165"
1679590574,GNSS,0,"$GNRMC,165618.000,A,2649.110722,N,07549.744761,E,"
1679590579,GNSS,0,
1679590584,GNSS,0,
1679590589,GNSS,0,
1679590594,GNSS,0,"$GNRMC,165634.000,A,2649.110722,N,07549.744761,E,0.00,161.54,230323,,,D,V*0E"
1679590599,GNSS,0,
1679590604,GNSS,0,
1679590609,GNSS,0,"$GNRMC,165650.000,A,2649.115159,N,07549.743991,"
1679590614,GNSS,0,
1679590619,GNSS,0,
1679590624,GNSS,0,
1679590629,GNSS,0,"$GNRMC,165706.000,A,2649.116421,N,07549.745079,E,0.00,153.50,230323,,,D,V*02"
1679590634,GNSS,0,
1679590639,GNSS,0,
1656633607,GNSS,0,"$GNRMC,235942.273,V,,,,,0.00,,,,,N,V*3A"
1656633606,GNSS,0,"$GNRMC,235942.273,V,,,,,0.00,,,,,N,V*3A"
1656633611,GNSS,0,"$GNRMC,235943.272,V,,,,,0.00,,,,,N,V*3A"
1656633616,GNSS,0,"$GNRMC,235944.273,V,,,,,0.00,,,,,N,V*3C"
1656633621,GNSS,0,"$GNRMC,235945.273,V,,,,,0.00,,,,,N,V*3D"
1656633626,GNSS,0,"$GNRMC,235946.272,V,,,,,0.00,,,,,N,V*3F"
1656633631,GNSS,0,"$GNRMC,235947.272,V,,,,,0.00,,,,,N,V*3E"
1679592504,GNSS,0,"$GNRMC,172823.000,A,2649.118901,N,07549.738211,E,3.03,271.00,230323,,,A,V*08"
1679592509,GNSS,0,
1679592514,GNSS,0,"$GNRMC,172824.000,A,2649.117642,N,07549.736927,E,3.30,253.53,230323,,,A,V*0E"
1679592519,GNSS,0,
1679592524,GNSS,0,"$GNRMC,172840.000,A,2649.107364,N,07549.735247,E,0.00,176.82,230323,,,A,V*0A"
1679592529,GNSS,0,
1679592534,GNSS,0,"$GNRMC,172841.000,A,2649.107306,N,07549.735270,E,0.0"
1679592539,GNSS,0,
1679592544,GNSS,0,
1679592549,GNSS,0,"$GNRMC,172857.000,A,2649.087394,N,07549.745759,E,9.97,160.10,230323,,,A,V*0C"
1679592554,GNSS,0,
1679592559,GNSS,0,"$GNRMC,172913.000,A,2649.057437,N,07549.761661,E,7.15,99.55,230323,,,A,V*30"
1679592564,GNSS,0,
1679592569,GNSS,0,
1679592574,GNSS,0,"$GNRMC,172929.000,A,2649.083053,N,07549.834450,E,20.14,64.15,230323,,,A,V*0B"
1679592579,GNSS,0,
1679592584,GNSS,0,"$GNRMC,172930.000,A,2649.085507,N,07549.840196,E,20.73,64.14,230323,,,A,V*0D"
1679592589,GNSS,0,
1679592594,GNSS,0,
1679592599,GNSS,0,"$GNRMC,172946.000,A,2649.120225,N,07549.924158,E,9.15,84.08,230323,,,A,V*3C"
1679592604,GNSS,0,
1679592609,GNSS,0,"$GNRMC,173002.000,A,2"
1679592614,GNSS,0,
1679592619,GNSS,0,
1679592624,GNSS,0,"$GNRMC,173018.000,A,2648.951910,N,07549.951565,E,11.84,186.07,2303"
1679592629,GNSS,0,
1679592634,GNSS,0,
1679592639,GNSS,0,
1679592644,GNSS,0,
1679592649,GNSS,0,
1679592654,GNSS,0,
1679592659,GNSS,0,"$GNRMC,173050.000,A,2648.737314,N,07550.001870,E,20.52,152.45,230323,,,A,V*3F"
1679592664,GNSS,0,
1679592669,GNSS,0,
1679592674,GNSS,0,
1679592679,GNSS,0,"$GNRMC,173106.000,A,2648.727505,N,07550.043207,E,11.71,75.78,230323,,,A,V*0F"
1679592684,GNSS,0,
1679592689,GNSS,0,
1679592694,GNSS,0,"$GNRMC,173122.000,A,2648.753411,N,07550.126741,E,24.84,68.54,230323"
1679592699,GNSS,0,"$GNRMC,173137.000,A,2648.794475,N,07550.250864,E,30.93,70.21,230323,,,D,V*0F"
1679592704,GNSS,0,
1679592709,GNSS,0,
1679592714,GNSS,0,"$GNRMC,173153.000,A,2648.841999,N,07550.398810,E,32.11,70.41,230323,,,D,V*0D"
1679592719,GNSS,0,
1679592724,GNSS,0,
1679592729,GNSS,0,
1679592734,GNSS,0,"$GNRMC,173209.000,A,2648.893657,N,07550.556157,E,36.03,68.79,230323,,,D,V*08"
1679592739,GNSS,0,
1679592744,GNSS,0,"$GNRMC,173210.000,A,2648.897218,N,07550.565884,E,32.86,68.5"
1679592749,GNSS,0,"$GNRMC,173225.000,A,2648.949400,N,07550.705021,E,32.83,67.69,230323,,,D,V*06"
1679592754,GNSS,0,
1679592759,GNSS,0,"$GNRMC,173226.000,A,2648.952852,N,07550.714468,E,33.56,67"
1679592764,GNSS,0,
1679592769,GNSS,0,
1679592774,GNSS,0,"$GNRMC,173242.000,A,2649.012330,N,07550.872630,E,32.80,67.62,230323,,,D,V*04"
1679592779,GNSS,0,
1679592784,GNSS,0,
1679592789,GNSS,0,"$GNRMC,173258.000,A,2649.061290,N,07551.000657,E,12.14,68.37,230323,,,D,V*0D"
1679592794,GNSS,0,
1679592799,GNSS,0,"$GNRMC,173314.000,A,2649.076235,N,0"
1679592804,GNSS,0,
1679592809,GNSS,0,
1679592814,GNSS,0,"$GNRMC,173330.000,A,2649.083941,N,07551.215911,E,27.80,94.35,230323,,,D,V*0"
1679592819,GNSS,0,
1679592824,GNSS,0,
1679592829,GNSS,0,"$GNRMC,173346.000,A,2649.067651,N,07551.350051,E,14.96,93.76,230323,,,D,V*07"
1679592834,GNSS,0,
1679592839,GNSS,0,
1679592844,GNSS,0,"$GNRMC,173402.000,A,2649.146877,N,07551.359759,E,19.93,2.86,230323,,,D,V*31"
1679592849,GNSS,0,
1679592854,GNSS,0,"$GNRMC,173403.000,A,2649.1"
1679592859,GNSS,0,
1679592864,GNSS,0,
1679592869,GNSS,0,"$GNRMC,173419.000,A,2649.267064,N,07551.365791,E,27.32,1.79,230323,,,D,V*3F"
1679592874,GNSS,0,"$GNRMC,173434.000,A,2649.382615,N,07551.373073,E,20.46,1.93,230323,,,D,V*36"
1679592879,GNSS,0,
1679592884,GNSS,0,"$GNRMC,173435.000,A,2649.387545,N,07551.373312,E,16.94,2.22,230323,,,"
1679592889,GNSS,0,
1679592894,GNSS,0,
1679592899,GNSS,0,
1679592904,GNSS,0,"$GNRMC,173451.000,A,2649.341604,N,07551.378148,E,23.83,184.45,230323,,,D,V*35"
1679592909,GNSS,0,
1679592914,GNSS,0,"$GNRMC,173507.000,A,264"
